sku_id,date,on_hand_units,on_order_units,lead_time_days,reorder_point
SKU0001,2025-12-29,136.0,0.0,10.0,59.0
SKU0002,2025-12-29,276.0,79.0,14.0,167.0
SKU0003,2025-12-29,422.0,64.0,14.0,123.0
SKU0004,2025-12-29,798.0,113.0,10.0,368.0
SKU0005,2025-12-29,24.0,0.0,14.0,15.0
SKU0006,2025-12-29,191.0,0.0,30.0,91.0
SKU0007,2025-12-29,752.0,115.0,21.0,342.0
SKU0008,2025-12-29,1780.0,0.0,21.0,504.0
SKU0009,2025-12-29,483.0,72.0,30.0,167.0
SKU0010,2025-12-29,118.0,0.0,7.0,23.0
SKU0011,2025-12-29,307.0,0.0,7.0,105.0
SKU0012,2025-12-29,47.0,0.0,21.0,44.0
SKU0013,2025-12-29,67.0,7.0,10.0,24.0
SKU0014,2025-12-29,714.0,0.0,7.0,67.0
SKU0015,2025-12-29,841.0,0.0,10.0,345.0
SKU0016,2025-12-29,100.0,0.0,7.0,68.0
SKU0017,2025-12-29,127.0,18.0,14.0,61.0
SKU0018,2025-12-29,265.0,180.0,10.0,248.0
SKU0019,2025-12-29,270.0,30.0,7.0,33.0
SKU0020,2025-12-29,4.0,0.0,21.0,8.0
SKU0021,2025-12-29,186.0,97.0,30.0,269.0
SKU0022,2025-12-29,278.0,0.0,7.0,41.0
SKU0023,2025-12-29,20.0,0.0,21.0,29.0
SKU0024,2025-12-29,228.0,0.0,30.0,519.0
SKU0025,2025-12-29,430.0,0.0,14.0,373.0
SKU0026,2025-12-29,265.0,40.0,21.0,234.0
SKU0027,2025-12-29,238.0,123.0,30.0,493.0
SKU0028,2025-12-29,78.0,0.0,30.0,72.0
SKU0029,2025-12-29,20.0,0.0,30.0,57.0
SKU0030,2025-12-29,257.0,0.0,14.0,123.0
SKU0031,2025-12-29,92.0,0.0,7.0,30.0
SKU0032,2025-12-29,32.0,19.0,10.0,59.0
SKU0033,2025-12-29,24.0,32.0,30.0,78.0
SKU0034,2025-12-29,853.0,0.0,7.0,75.0
SKU0035,2025-12-29,23.0,6.0,10.0,8.0
SKU0036,2025-12-29,28.0,45.0,30.0,143.0
SKU0037,2025-12-29,1025.0,9.0,7.0,97.0
SKU0038,2025-12-29,539.0,0.0,14.0,268.0
SKU0039,2025-12-29,24.0,0.0,30.0,135.0
SKU0040,2025-12-29,81.0,0.0,10.0,100.0
SKU0041,2025-12-29,21.0,0.0,10.0,19.0
SKU0042,2025-12-29,110.0,0.0,7.0,58.0
SKU0043,2025-12-29,34.0,0.0,30.0,102.0
SKU0044,2025-12-29,455.0,0.0,7.0,46.0
SKU0045,2025-12-29,25.0,118.0,21.0,441.0
SKU0046,2025-12-29,322.0,0.0,14.0,101.0
SKU0047,2025-12-29,1755.0,42.0,10.0,196.0
SKU0048,2025-12-29,34.0,25.0,14.0,51.0
SKU0049,2025-12-29,239.0,66.0,14.0,101.0
SKU0050,2025-12-29,25.0,64.0,30.0,161.0
SKU0051,2025-12-29,37.0,8.0,21.0,12.0
SKU0052,2025-12-29,859.0,36.0,7.0,59.0
SKU0053,2025-12-29,169.0,0.0,14.0,36.0
SKU0054,2025-12-29,3207.0,687.0,30.0,1391.0
SKU0055,2025-12-29,473.0,0.0,10.0,71.0
SKU0056,2025-12-29,76.0,13.0,10.0,29.0
SKU0057,2025-12-29,75.0,0.0,7.0,85.0
SKU0058,2025-12-29,424.0,0.0,7.0,56.0
SKU0059,2025-12-29,23.0,24.0,21.0,69.0
SKU0060,2025-12-29,56.0,6.0,7.0,11.0
SKU0061,2025-12-29,140.0,18.0,14.0,54.0
SKU0062,2025-12-29,65.0,5.0,7.0,34.0
SKU0063,2025-12-29,309.0,29.0,7.0,64.0
SKU0064,2025-12-29,48.0,45.0,30.0,105.0
SKU0065,2025-12-29,1502.0,0.0,14.0,286.0
SKU0066,2025-12-29,481.0,0.0,30.0,250.0
SKU0067,2025-12-29,378.0,61.0,21.0,213.0
SKU0068,2025-12-29,230.0,67.0,7.0,67.0
SKU0069,2025-12-29,277.0,0.0,21.0,107.0
SKU0070,2025-12-29,26.0,43.0,30.0,88.0
SKU0071,2025-12-29,583.0,0.0,7.0,124.0
SKU0072,2025-12-29,99.0,16.0,21.0,39.0
SKU0073,2025-12-29,404.0,0.0,7.0,216.0
SKU0074,2025-12-29,52.0,0.0,7.0,186.0
SKU0075,2025-12-29,34.0,0.0,14.0,54.0
SKU0076,2025-12-29,194.0,0.0,30.0,151.0
SKU0077,2025-12-29,121.0,0.0,30.0,364.0
SKU0078,2025-12-29,46.0,16.0,30.0,52.0
SKU0079,2025-12-29,613.0,0.0,10.0,121.0
SKU0080,2025-12-29,173.0,53.0,30.0,143.0
SKU0081,2025-12-29,232.0,0.0,21.0,192.0
SKU0082,2025-12-29,947.0,0.0,7.0,477.0
SKU0083,2025-12-29,275.0,0.0,10.0,125.0
SKU0084,2025-12-29,179.0,18.0,14.0,124.0
SKU0085,2025-12-29,1185.0,353.0,21.0,649.0
SKU0086,2025-12-29,260.0,19.0,14.0,77.0
SKU0087,2025-12-29,121.0,22.0,10.0,68.0
SKU0088,2025-12-29,82.0,0.0,10.0,42.0
SKU0089,2025-12-29,70.0,15.0,10.0,27.0
SKU0090,2025-12-29,135.0,75.0,30.0,205.0
SKU0091,2025-12-29,238.0,0.0,21.0,107.0
SKU0092,2025-12-29,83.0,0.0,21.0,111.0
SKU0093,2025-12-29,14.0,0.0,30.0,37.0
SKU0094,2025-12-29,500.0,0.0,7.0,124.0
SKU0095,2025-12-29,78.0,0.0,10.0,76.0
SKU0096,2025-12-29,6.0,13.0,14.0,19.0
SKU0097,2025-12-29,7.0,14.0,21.0,21.0
SKU0098,2025-12-29,199.0,50.0,14.0,96.0
SKU0099,2025-12-29,29.0,0.0,30.0,86.0
SKU0100,2025-12-29,202.0,62.0,14.0,126.0
SKU0101,2025-12-29,91.0,0.0,14.0,30.0
SKU0102,2025-12-29,9.0,0.0,10.0,13.0
SKU0103,2025-12-29,2323.0,0.0,14.0,350.0
SKU0104,2025-12-29,159.0,0.0,30.0,53.0
SKU0105,2025-12-29,229.0,39.0,21.0,122.0
SKU0106,2025-12-29,56.0,0.0,21.0,31.0
SKU0107,2025-12-29,179.0,0.0,30.0,181.0
SKU0108,2025-12-29,28.0,9.0,14.0,37.0
SKU0109,2025-12-29,462.0,0.0,21.0,330.0
SKU0110,2025-12-29,100.0,69.0,14.0,137.0
SKU0111,2025-12-29,422.0,0.0,14.0,70.0
SKU0112,2025-12-29,591.0,14.0,7.0,48.0
SKU0113,2025-12-29,52.0,0.0,30.0,118.0
SKU0114,2025-12-29,225.0,0.0,30.0,238.0
SKU0115,2025-12-29,197.0,0.0,7.0,78.0
SKU0116,2025-12-29,135.0,0.0,30.0,181.0
SKU0117,2025-12-29,169.0,75.0,30.0,287.0
SKU0118,2025-12-29,58.0,28.0,30.0,81.0
SKU0119,2025-12-29,1832.0,0.0,7.0,228.0
SKU0120,2025-12-29,66.0,105.0,21.0,209.0
SKU0121,2025-12-29,17.0,0.0,10.0,6.0
SKU0122,2025-12-29,103.0,0.0,14.0,47.0
SKU0123,2025-12-29,280.0,49.0,30.0,138.0
SKU0124,2025-12-29,23.0,0.0,14.0,15.0
SKU0125,2025-12-29,809.0,132.0,14.0,209.0
SKU0126,2025-12-29,614.0,0.0,14.0,398.0
SKU0127,2025-12-29,58.0,0.0,30.0,70.0
SKU0128,2025-12-29,272.0,0.0,30.0,1176.0
SKU0129,2025-12-29,29.0,0.0,14.0,153.0
SKU0130,2025-12-29,238.0,56.0,10.0,63.0
SKU0131,2025-12-29,859.0,4.0,7.0,71.0
SKU0132,2025-12-29,53.0,31.0,30.0,59.0
SKU0133,2025-12-29,144.0,0.0,10.0,18.0
SKU0134,2025-12-29,77.0,15.0,14.0,52.0
SKU0135,2025-12-29,827.0,0.0,7.0,229.0
SKU0136,2025-12-29,16.0,4.0,7.0,9.0
SKU0137,2025-12-29,47.0,73.0,30.0,212.0
SKU0138,2025-12-29,34.0,12.0,7.0,22.0
SKU0139,2025-12-29,54.0,0.0,14.0,96.0
SKU0140,2025-12-29,15.0,0.0,10.0,21.0
SKU0141,2025-12-29,126.0,0.0,14.0,56.0
SKU0142,2025-12-29,177.0,0.0,14.0,77.0
SKU0143,2025-12-29,170.0,0.0,14.0,226.0
SKU0144,2025-12-29,222.0,23.0,10.0,73.0
SKU0145,2025-12-29,980.0,0.0,7.0,120.0
SKU0146,2025-12-29,147.0,0.0,21.0,35.0
SKU0147,2025-12-29,30.0,0.0,10.0,22.0
SKU0148,2025-12-29,185.0,0.0,21.0,336.0
SKU0149,2025-12-29,267.0,16.0,7.0,21.0
SKU0150,2025-12-29,197.0,0.0,14.0,102.0
SKU0151,2025-12-29,23.0,26.0,14.0,38.0
SKU0152,2025-12-29,123.0,34.0,30.0,113.0
SKU0153,2025-12-29,470.0,8.0,14.0,65.0
SKU0154,2025-12-29,2813.0,518.0,30.0,777.0
SKU0155,2025-12-29,20.0,11.0,14.0,25.0
SKU0156,2025-12-29,102.0,0.0,21.0,54.0
SKU0157,2025-12-29,2280.0,0.0,21.0,518.0
SKU0158,2025-12-29,124.0,169.0,10.0,250.0
SKU0159,2025-12-29,80.0,13.0,14.0,29.0
SKU0160,2025-12-29,388.0,23.0,14.0,95.0
SKU0161,2025-12-29,203.0,0.0,14.0,124.0
SKU0162,2025-12-29,195.0,22.0,10.0,49.0
SKU0163,2025-12-29,48.0,0.0,21.0,43.0
SKU0164,2025-12-29,197.0,0.0,10.0,32.0
SKU0165,2025-12-29,468.0,0.0,30.0,133.0
SKU0166,2025-12-29,161.0,53.0,30.0,143.0
SKU0167,2025-12-29,40.0,0.0,7.0,36.0
SKU0168,2025-12-29,909.0,0.0,21.0,279.0
SKU0169,2025-12-29,177.0,0.0,21.0,125.0
SKU0170,2025-12-29,357.0,87.0,21.0,281.0
SKU0171,2025-12-29,142.0,27.0,21.0,93.0
SKU0172,2025-12-29,125.0,0.0,10.0,36.0
SKU0173,2025-12-29,42.0,60.0,14.0,141.0
SKU0174,2025-12-29,669.0,709.0,30.0,2317.0
SKU0175,2025-12-29,371.0,65.0,10.0,103.0
SKU0176,2025-12-29,819.0,0.0,21.0,329.0
SKU0177,2025-12-29,130.0,0.0,21.0,96.0
SKU0178,2025-12-29,266.0,17.0,14.0,38.0
SKU0179,2025-12-29,233.0,0.0,30.0,225.0
SKU0180,2025-12-29,49.0,0.0,10.0,18.0
SKU0181,2025-12-29,85.0,0.0,10.0,26.0
SKU0182,2025-12-29,43.0,94.0,21.0,285.0
SKU0183,2025-12-29,393.0,0.0,7.0,35.0
SKU0184,2025-12-29,492.0,24.0,14.0,69.0
SKU0185,2025-12-29,126.0,0.0,30.0,142.0
SKU0186,2025-12-29,1156.0,92.0,10.0,330.0
SKU0187,2025-12-29,240.0,0.0,7.0,47.0
SKU0188,2025-12-29,319.0,0.0,10.0,29.0
SKU0189,2025-12-29,6.0,0.0,7.0,17.0
SKU0190,2025-12-29,139.0,9.0,21.0,47.0
SKU0191,2025-12-29,4174.0,0.0,7.0,298.0
SKU0192,2025-12-29,688.0,0.0,7.0,96.0
SKU0193,2025-12-29,107.0,25.0,14.0,49.0
SKU0194,2025-12-29,2348.0,0.0,30.0,805.0
SKU0195,2025-12-29,636.0,0.0,7.0,182.0
SKU0196,2025-12-29,32.0,0.0,30.0,53.0
SKU0197,2025-12-29,5.0,0.0,30.0,6.0
SKU0198,2025-12-29,90.0,18.0,14.0,58.0
SKU0199,2025-12-29,252.0,0.0,21.0,195.0
SKU0200,2025-12-29,247.0,0.0,21.0,128.0
