sku_id,category,subcategory,quadrant,recommended_action,why,stockout_risk,overstock_risk,on_hand_units,on_order_units,available_units,avg_weekly_demand,horizon_demand,lead_time_days,lead_time_weeks,lead_time_demand,required_units,shortfall_units,weeks_of_cover,excess_units,suggested_order_units,unit_cost,list_price,sales_at_risk_inr,capital_locked_inr,value_at_stake_inr,priority_rank,missing_stock_data,stock_as_of
SKU0128,Kitchen,Cookware,Reorder now,Raise a replenishment order before stock runs out.,"Expect ~1085 units over the 4-week lead time but only 272 are available — short by 1084 units (₹5,181,864 of sales at risk).",0.799372704545907,0.0,272.0,0.0,272.0,253.07290923906797,2024.5832739125437,30.0,4.285714285714286,1084.5981824531484,1355.7477280664355,1083.7477280664355,1.0747890827897835,0.0,2259.0,2451.67,4781.43,5181863.9,0.0,5181863.9,1,False,2025-12-29
SKU0194,Decor,Wall Art,Markdown / clear,Promote or discount to free up capital.,"2348 units on hand covers 22 weeks of forecast demand — 1090 units beyond a sensible 12-week cover, locking ₹2,453,303.",0.0,0.8664595580819151,2348.0,0.0,2348.0,104.83305990714601,838.6644792571681,30.0,4.285714285714286,449.28454245919716,561.6056780739964,0.0,22.39751469698298,1090.0032811142478,0.0,2250.73,3785.99,0.0,2453303.08,2453303.08,2,False,2025-12-29
SKU0148,Kitchen,Storage,Reorder now,Raise a replenishment order before stock runs out.,"Expect ~390 units over the 3-week lead time but only 185 are available — short by 303 units (₹1,754,289 of sales at risk).",0.6208594663880063,0.0,185.0,0.0,185.0,130.11885820633537,1040.950865650683,21.0,3.0,390.3565746190061,487.9457182737576,302.9457182737576,1.4217770010449762,0.0,1117.0,2489.02,5790.77,1754288.98,0.0,1754288.98,3,False,2025-12-29
SKU0174,Decor,Candles,Healthy,No action needed; leave as is.,Stock covers 2 weeks against forecast demand of 329.8 units/week. Within tolerance.,0.22005383746651083,0.0,669.0,709.0,1378.0,329.8005414003456,2638.4043312027648,30.0,4.285714285714286,1413.4308917157668,1766.7886146447086,388.78861464470856,2.0284987925107725,0.0,0.0,1961.17,3898.1,1515536.9,0.0,1515536.9,4,False,2025-12-29
SKU0047,Small Appliances,Kettles,Markdown / clear,Promote or discount to free up capital.,"1755 units on hand covers 19 weeks of forecast demand — 619 units beyond a sensible 12-week cover, locking ₹1,292,174.",0.0,0.5446640162154294,1755.0,42.0,1797.0,94.68078395347496,757.4462716277997,10.0,1.4285714285714286,135.25826279067851,169.07282848834814,0.0,18.535968194585152,618.8305925583004,0.0,2088.09,4948.57,0.0,1292173.97,1292173.97,5,False,2025-12-29
SKU0154,Decor,Wall Art,Markdown / clear,Promote or discount to free up capital.,"2813 units on hand covers 20 weeks of forecast demand — 1139 units beyond a sensible 12-week cover, locking ₹1,286,241.",0.0,0.6799223909632651,2813.0,518.0,3331.0,139.54017633651068,1116.3214106920855,30.0,4.285714285714286,598.0293271564743,747.5366589455929,0.0,20.15906869155918,1138.5178839618718,0.0,1129.75,2217.92,0.0,1286240.58,1286240.58,6,False,2025-12-29
SKU0008,Kitchen,Tableware,Markdown / clear,Promote or discount to free up capital.,"1780 units on hand covers 30 weeks of forecast demand — 1060 units beyond a sensible 12-week cover, locking ₹1,282,348.",0.0,1.0,1780.0,0.0,1780.0,59.977898999093235,479.8231919927459,21.0,3.0,179.9336969972797,224.9171212465996,0.0,29.67759841048968,1060.2652120108812,0.0,1209.46,1756.82,0.0,1282348.36,1282348.36,7,False,2025-12-29
SKU0131,Small Appliances,Kettles,Markdown / clear,Promote or discount to free up capital.,"859 units on hand covers 24 weeks of forecast demand — 424 units beyond a sensible 12-week cover, locking ₹999,713.",0.0,0.9759983870608421,859.0,4.0,863.0,36.226412836200986,289.8113026896079,7.0,1.0,36.226412836200986,45.28301604525123,0.0,23.711980644730104,424.28304596558814,0.0,2356.24,3718.45,0.0,999712.68,999712.68,8,False,2025-12-29
SKU0050,Decor,Vases,Reorder now,Raise a replenishment order before stock runs out.,"Expect ~172 units over the 4-week lead time but only 89 are available — short by 126 units (₹771,075 of sales at risk).",0.5856576523093826,0.0,25.0,64.0,89.0,40.09566829441783,320.7653463553426,30.0,4.285714285714286,171.83857840464782,214.79822300580977,125.79822300580977,0.6235087495344362,0.0,312.0,2481.55,6129.46,771075.18,0.0,771075.18,9,False,2025-12-29
SKU0034,Decor,Candles,Markdown / clear,Promote or discount to free up capital.,"853 units on hand covers 30 weeks of forecast demand — 507 units beyond a sensible 12-week cover, locking ₹570,534.",0.0,1.0,853.0,0.0,853.0,28.846727018468446,230.77381614774757,7.0,1.0,28.846727018468446,36.05840877308556,0.0,29.570079109976206,506.83927577837864,0.0,1125.67,2423.31,0.0,570533.77,570533.77,10,False,2025-12-29
SKU0191,Small Appliances,Kettles,Markdown / clear,Promote or discount to free up capital.,"4174 units on hand covers 27 weeks of forecast demand — 2339 units beyond a sensible 12-week cover, locking ₹567,387.",0.0,1.0,4174.0,0.0,4174.0,152.88704257109347,1223.0963405687478,7.0,1.0,152.88704257109347,191.10880321386685,0.0,27.301201787974037,2339.3554891468784,0.0,242.54,398.34,0.0,567387.28,567387.28,11,False,2025-12-29
SKU0065,Furnishings,Rugs,Healthy,No action needed; leave as is.,Stock covers 18 weeks against forecast demand of 83.9 units/week. Within tolerance.,0.0,0.49114445809936785,1502.0,0.0,1502.0,83.94000057258418,671.5200045806735,14.0,2.0,167.88000114516836,209.85000143146044,0.0,17.893733497192414,494.7199931289898,0.0,1094.26,2800.73,0.0,541352.3,541352.3,12,False,2025-12-29
SKU0077,Furnishings,Throws,Reorder now,Raise a replenishment order before stock runs out.,"Expect ~223 units over the 4-week lead time but only 121 are available — short by 158 units (₹510,796 of sales at risk).",0.5662101990078173,0.0,121.0,0.0,121.0,52.068228932550916,416.5458314604073,30.0,4.285714285714286,223.14955256807534,278.9369407100942,157.93694071009418,2.3238739338866927,0.0,400.0,1727.33,3234.18,510796.49,0.0,510796.49,13,False,2025-12-29
SKU0045,Furnishings,Rugs,Reorder now,Raise a replenishment order before stock runs out.,"Expect ~242 units over the 3-week lead time but only 143 are available — short by 159 units (₹472,141 of sales at risk).",0.5266934735080436,0.0,25.0,118.0,143.0,80.56794318043572,644.5435454434858,21.0,3.0,241.70382954130716,302.1297869266339,159.12978692663393,0.3102971108994469,0.0,663.0,1940.13,2967.02,472141.26,0.0,472141.26,14,False,2025-12-29
SKU0103,Small Appliances,Lamps,Healthy,No action needed; leave as is.,Stock covers 14 weeks against forecast demand of 160.2 units/week. Within tolerance.,0.0,0.20811210554061255,2323.0,0.0,2323.0,160.23623341370924,1281.889867309674,14.0,2.0,320.4724668274185,400.5905835342731,0.0,14.49734526648735,400.16519903548897,0.0,1179.45,3068.51,0.0,471974.84,471974.84,15,False,2025-12-29
SKU0112,Kitchen,Cookware,Markdown / clear,Promote or discount to free up capital.,"591 units on hand covers 22 weeks of forecast demand — 268 units beyond a sensible 12-week cover, locking ₹319,370.",0.0,0.8322634101535611,591.0,14.0,605.0,26.879322987666047,215.03458390132838,7.0,1.0,26.879322987666047,33.59915373458256,0.0,21.987160921842733,268.4481241480074,0.0,1189.69,2297.03,0.0,319370.05,319370.05,16,False,2025-12-29
SKU0182,Decor,Vases,Healthy,No action needed; leave as is.,Stock covers 1 weeks against forecast demand of 69.9 units/week. Within tolerance.,0.4769960439784,0.0,43.0,94.0,137.0,69.852881441349,558.823051530792,21.0,3.0,209.558644324047,261.94830540505876,124.94830540505876,0.6155794737845475,0.0,0.0,1719.04,2467.73,308338.68,0.0,308338.68,17,False,2025-12-29
SKU0039,Small Appliances,Lamps,Reorder now,Raise a replenishment order before stock runs out.,"Expect ~96 units over the 4-week lead time but only 24 are available — short by 96 units (₹280,184 of sales at risk).",0.8000606261767622,0.0,24.0,0.0,24.0,22.40679219072015,179.2543375257612,30.0,4.285714285714286,96.02910938880063,120.0363867360008,96.0363867360008,1.0711037883387735,0.0,201.0,1247.17,2917.48,280184.24,0.0,280184.24,18,False,2025-12-29
SKU0149,Furnishings,Rugs,Markdown / clear,Promote or discount to free up capital.,"267 units on hand covers 28 weeks of forecast demand — 154 units beyond a sensible 12-week cover, locking ₹275,982.",0.0,1.0,267.0,16.0,283.0,9.380676217854168,75.04540974283334,7.0,1.0,9.380676217854168,11.72584527231771,0.0,28.462766841032312,154.43188538574998,0.0,1787.08,3333.64,0.0,275982.13,275982.13,19,False,2025-12-29
SKU0157,Furnishings,Rugs,Markdown / clear,Promote or discount to free up capital.,"2280 units on hand covers 21 weeks of forecast demand — 956 units beyond a sensible 12-week cover, locking ₹271,020.",0.0,0.7217621136591598,2280.0,0.0,2280.0,110.3520622812429,882.8164982499432,21.0,3.0,331.0561868437287,413.8202335546609,0.0,20.661145363909917,955.7752526250852,0.0,283.56,479.9,0.0,271019.63,271019.63,20,False,2025-12-29
SKU0037,Furnishings,Cushions,Markdown / clear,Promote or discount to free up capital.,"1025 units on hand covers 26 weeks of forecast demand — 547 units beyond a sensible 12-week cover, locking ₹269,703.",0.0,1.0,1025.0,9.0,1034.0,39.81221166355801,318.4976933084641,7.0,1.0,39.81221166355801,49.76526457944751,0.0,25.745869349384343,547.2534600373039,0.0,492.83,1237.07,0.0,269702.92,269702.92,21,False,2025-12-29
SKU0111,Small Appliances,Blenders,Markdown / clear,Promote or discount to free up capital.,"422 units on hand covers 24 weeks of forecast demand — 215 units beyond a sensible 12-week cover, locking ₹253,749.",0.0,1.0,422.0,0.0,422.0,17.238188809041453,137.90551047233163,14.0,2.0,34.47637761808291,43.09547202260363,0.0,24.480530099465,215.14173429150256,0.0,1179.45,2819.45,0.0,253748.92,253748.92,22,False,2025-12-29
SKU0052,Kitchen,Tableware,Healthy,No action needed; leave as is.,Stock covers 14 weeks against forecast demand of 60.8 units/week. Within tolerance.,0.0,0.17709171236392032,859.0,36.0,895.0,60.813726391441946,486.50981113153557,7.0,1.0,60.813726391441946,76.01715798930243,0.0,14.125100548367044,129.23528330269664,0.0,1948.27,4274.49,0.0,251785.23,251785.23,23,False,2025-12-29
SKU0184,Kitchen,Tableware,Markdown / clear,Promote or discount to free up capital.,"492 units on hand covers 25 weeks of forecast demand — 259 units beyond a sensible 12-week cover, locking ₹239,124.",0.0,1.0,492.0,24.0,516.0,19.3928715867989,155.1429726943912,14.0,2.0,38.7857431735978,48.48217896699725,0.0,25.37014684998553,259.2855409584132,0.0,922.24,2235.52,0.0,239123.5,239123.5,24,False,2025-12-29
SKU0168,Kitchen,Cookware,Healthy,No action needed; leave as is.,Stock covers 13 weeks against forecast demand of 67.7 units/week. Within tolerance.,0.0,0.11963510591082398,909.0,0.0,909.0,67.65597077127849,541.2477661702279,21.0,3.0,202.96791231383548,253.70989039229437,0.0,13.435621270929888,97.12835074465806,0.0,2455.97,5266.65,0.0,238544.32,238544.32,25,False,2025-12-29
SKU0113,Furnishings,Throws,Reorder now,Raise a replenishment order before stock runs out.,"Expect ~104 units over the 4-week lead time but only 52 are available — short by 78 units (₹235,386 of sales at risk).",0.5997792893267339,0.0,52.0,0.0,52.0,24.25328426991635,194.0262741593308,30.0,4.285714285714286,103.94264687107007,129.92830858883758,77.92830858883758,2.1440395214639256,0.0,191.0,1970.73,3020.55,235386.35,0.0,235386.35,26,False,2025-12-29
SKU0129,Furnishings,Cushions,Reorder now,Raise a replenishment order before stock runs out.,"Expect ~102 units over the 2-week lead time but only 29 are available — short by 99 units (₹228,256 of sales at risk).",0.7733686264285028,0.0,29.0,0.0,29.0,51.18444025288694,409.4755220230955,14.0,2.0,102.36888050577387,127.96110063221734,98.96110063221734,0.5665784339287431,0.0,483.0,1465.24,2306.52,228255.76,0.0,228255.76,27,False,2025-12-29
SKU0014,Decor,Wall Art,Markdown / clear,Promote or discount to free up capital.,"714 units on hand covers 20 weeks of forecast demand — 291 units beyond a sensible 12-week cover, locking ₹225,948.",0.0,0.6860106068025763,714.0,0.0,714.0,35.29040669135432,282.32325353083456,7.0,1.0,35.29040669135432,44.1130083641929,0.0,20.232127281630916,290.51511970374816,0.0,777.75,1725.82,0.0,225948.13,225948.13,28,False,2025-12-29
SKU0007,Small Appliances,Lamps,Healthy,No action needed; leave as is.,Stock covers 14 weeks against forecast demand of 55.4 units/week. Within tolerance.,0.0,0.13111013391704432,752.0,115.0,867.0,55.40279835496783,443.2223868397426,21.0,3.0,166.20839506490347,207.76049383112934,0.0,13.573321607004532,87.16641974038612,0.0,2429.09,6004.09,0.0,211735.08,211735.08,29,False,2025-12-29
SKU0153,Furnishings,Throws,Markdown / clear,Promote or discount to free up capital.,"470 units on hand covers 20 weeks of forecast demand — 181 units beyond a sensible 12-week cover, locking ₹210,812.",0.0,0.6262593745234536,470.0,8.0,478.0,24.08389908783386,192.67119270267088,14.0,2.0,48.16779817566772,60.20974771958465,0.0,19.515112494281443,180.99321094599367,0.0,1164.75,2179.35,0.0,210811.84,210811.84,30,False,2025-12-29
SKU0137,Furnishings,Cushions,Healthy,No action needed; leave as is.,Stock covers 1 weeks against forecast demand of 34.8 units/week. Within tolerance.,0.3560187954250234,0.0,47.0,73.0,120.0,34.78362387110949,278.2689909688759,30.0,4.285714285714286,149.07267373332638,186.34084216665798,66.34084216665798,1.3512105631707099,0.0,0.0,1465.35,3046.35,202097.42,0.0,202097.42,31,False,2025-12-29
SKU0104,Kitchen,Tableware,Markdown / clear,Promote or discount to free up capital.,"159 units on hand covers 29 weeks of forecast demand — 94 units beyond a sensible 12-week cover, locking ₹180,786.",0.0,1.0,159.0,0.0,159.0,5.4251216158910145,43.400972927128116,30.0,4.285714285714286,23.25052121096149,29.063151513701865,0.0,29.30809874091386,93.89854060930783,0.0,1925.33,3320.5,0.0,180785.68,180785.68,32,False,2025-12-29
SKU0139,Small Appliances,Blenders,Reorder now,Raise a replenishment order before stock runs out.,"Expect ~93 units over the 2-week lead time but only 54 are available — short by 62 units (₹168,800 of sales at risk).",0.5363786314112783,0.0,54.0,0.0,54.0,46.58974211165264,372.7179368932211,14.0,2.0,93.17948422330528,116.4743552791316,62.4743552791316,1.1590534214718045,0.0,412.0,1408.93,2701.91,168800.09,0.0,168800.09,33,False,2025-12-29
SKU0009,Furnishings,Cushions,Healthy,No action needed; leave as is.,Stock covers 15 weeks against forecast demand of 32.3 units/week. Within tolerance.,0.0,0.24436301248442316,483.0,72.0,555.0,32.34586659695002,258.76693277560014,30.0,4.285714285714286,138.62514255835723,173.28142819794652,0.0,14.932356149813078,94.84960083659979,0.0,1732.98,3974.96,0.0,164372.46,164372.46,34,False,2025-12-29
SKU0173,Furnishings,Rugs,Healthy,No action needed; leave as is.,Stock covers 1 weeks against forecast demand of 59.5 units/week. Within tolerance.,0.3147851234207335,0.0,42.0,60.0,102.0,59.5433657302976,476.3469258423808,14.0,2.0,119.0867314605952,148.858414325744,46.85841432574401,0.7053682553021862,0.0,0.0,1894.96,3440.85,161232.77,0.0,161232.77,35,False,2025-12-29
SKU0066,Decor,Candles,Healthy,No action needed; leave as is.,Stock covers 14 weeks against forecast demand of 34.6 units/week. Within tolerance.,0.0,0.15839163460532202,481.0,0.0,481.0,34.60257492880653,276.82059943045226,30.0,4.285714285714286,148.29674969488514,185.37093711860643,0.0,13.900699615263864,65.76910085432161,0.0,2337.92,5529.73,0.0,153762.9,153762.9,36,False,2025-12-29
SKU0099,Small Appliances,Blenders,Reorder now,Raise a replenishment order before stock runs out.,"Expect ~64 units over the 4-week lead time but only 29 are available — short by 51 units (₹153,005 of sales at risk).",0.6359604284423558,0.0,29.0,0.0,29.0,14.870178289054913,118.9614263124393,30.0,4.285714285714286,63.729335524521055,79.66166940565132,50.661669405651324,1.9502119904873798,0.0,120.0,1447.18,3020.14,153005.33,0.0,153005.33,37,False,2025-12-29
SKU0070,Decor,Vases,Reorder now,Raise a replenishment order before stock runs out.,"Expect ~116 units over the 4-week lead time but only 69 are available — short by 77 units (₹144,174 of sales at risk).",0.5259340055365168,0.0,26.0,43.0,69.0,27.169213042957747,217.35370434366197,30.0,4.285714285714286,116.43948446981891,145.54935558727362,76.54935558727362,0.9569655167741119,0.0,203.0,1140.95,1883.41,144173.82,0.0,144173.82,38,False,2025-12-29
SKU0183,Small Appliances,Lamps,Healthy,No action needed; leave as is.,Stock covers 17 weeks against forecast demand of 23.0 units/week. Within tolerance.,0.0,0.4235460586852436,393.0,0.0,393.0,23.005929313061493,184.04743450449195,7.0,1.0,23.005929313061493,28.75741164132687,0.0,17.082552704222923,116.92884824326211,0.0,1179.45,2873.75,0.0,137911.73,137911.73,39,False,2025-12-29
SKU0074,Decor,Candles,Reorder now,Raise a replenishment order before stock runs out.,"Expect ~141 units over the 1-week lead time but only 52 are available — short by 125 units (₹133,753 of sales at risk).",0.7057084297094278,0.0,52.0,0.0,52.0,141.35641044330887,1130.851283546471,7.0,1.0,141.35641044330887,176.6955130541361,124.69551305413609,0.36786446286321517,0.0,1362.0,428.17,1072.64,133753.4,0.0,133753.4,40,False,2025-12-29
SKU0029,Furnishings,Throws,Reorder now,Raise a replenishment order before stock runs out.,"Expect ~42 units over the 4-week lead time but only 20 are available — short by 33 units (₹100,024 of sales at risk).",0.6213015028965786,0.0,20.0,0.0,20.0,9.858326246047318,78.86660996837854,30.0,4.285714285714286,42.249969625917075,52.81246203239634,32.81246203239634,2.028741948768329,0.0,79.0,1773.29,3048.36,100024.2,0.0,100024.2,41,False,2025-12-29
SKU0146,Decor,Wall Art,Healthy,No action needed; leave as is.,Stock covers 17 weeks against forecast demand of 8.8 units/week. Within tolerance.,0.0,0.3901417330115929,147.0,0.0,147.0,8.812051108962601,70.49640887170081,21.0,3.0,26.436153326887805,33.04519165860975,0.0,16.681700796139115,41.25538669244878,0.0,2152.85,3975.7,0.0,88816.66,88816.66,42,False,2025-12-29
SKU0044,Kitchen,Storage,Healthy,No action needed; leave as is.,Stock covers 16 weeks against forecast demand of 28.3 units/week. Within tolerance.,0.0,0.34132396473453613,455.0,0.0,455.0,28.26809008379331,226.1447206703465,7.0,1.0,28.26809008379331,35.33511260474164,0.0,16.095887576814434,115.78291899448027,0.0,760.59,1666.69,0.0,88063.33,88063.33,43,False,2025-12-29
SKU0055,Small Appliances,Lamps,Markdown / clear,Promote or discount to free up capital.,"473 units on hand covers 19 weeks of forecast demand — 169 units beyond a sensible 12-week cover, locking ₹87,046.",0.0,0.5579983378693317,473.0,0.0,473.0,25.29955630156296,202.39645041250367,10.0,1.4285714285714286,36.14222328794708,45.17777910993385,0.0,18.69598005443198,169.4053243812445,0.0,513.83,1088.94,0.0,87045.54,87045.54,44,False,2025-12-29
SKU0019,Small Appliances,Blenders,Healthy,No action needed; leave as is.,Stock covers 15 weeks against forecast demand of 17.5 units/week. Within tolerance.,0.0,0.28243523074904014,270.0,30.0,300.0,17.54474569983412,140.35796559867296,7.0,1.0,17.54474569983412,21.93093212479265,0.0,15.389222768988482,59.46305160199057,0.0,1419.66,2940.18,0.0,84417.32,84417.32,45,False,2025-12-29
SKU0086,Decor,Wall Art,Healthy,No action needed; leave as is.,Stock covers 15 weeks against forecast demand of 17.4 units/week. Within tolerance.,0.0,0.24783097174560353,260.0,19.0,279.0,17.36346280647045,138.9077024517636,14.0,2.0,34.7269256129409,43.40865701617613,0.0,14.973971660947242,51.63844632235458,0.0,1627.74,2799.32,0.0,84053.96,84053.96,46,False,2025-12-29
SKU0176,Kitchen,Cookware,Healthy,No action needed; leave as is.,Stock covers 18 weeks against forecast demand of 46.5 units/week. Within tolerance.,0.0,0.46755613878823726,819.0,0.0,819.0,46.5058870295443,372.0470962363544,21.0,3.0,139.5176610886329,174.39707636079112,0.0,17.610673665458847,260.9293556454684,0.0,285.26,589.51,0.0,74432.71,74432.71,47,False,2025-12-29
SKU0107,Small Appliances,Kettles,Healthy,No action needed; leave as is.,Stock covers 5 weeks against forecast demand of 35.6 units/week. Within tolerance.,0.06149329080523709,0.0,179.0,0.0,179.0,35.602657930918696,284.82126344734957,30.0,4.285714285714286,152.58281970393728,190.7285246299216,11.728524629921594,5.027714513543373,0.0,0.0,2345.46,5479.84,64270.44,0.0,64270.44,48,False,2025-12-29
SKU0036,Kitchen,Cookware,Healthy,No action needed; leave as is.,Stock covers 1 weeks against forecast demand of 22.0 units/week. Within tolerance.,0.381770087104759,0.0,28.0,45.0,73.0,22.04142242624825,176.331379409986,30.0,4.285714285714286,94.46323896963536,118.0790487120442,45.0790487120442,1.2703354374559745,0.0,0.0,878.26,1381.88,62293.84,0.0,62293.84,49,False,2025-12-29
SKU0027,Small Appliances,Kettles,Healthy,No action needed; leave as is.,Stock covers 3 weeks against forecast demand of 73.8 units/week. Within tolerance.,0.08739020229420631,0.0,238.0,123.0,361.0,73.83951699408637,590.7161359526909,30.0,4.285714285714286,316.4550728317987,395.56884103974835,34.56884103974835,3.2232063492379135,0.0,0.0,809.66,1745.9,60353.74,0.0,60353.74,50,False,2025-12-29
SKU0125,Furnishings,Cushions,Healthy,No action needed; leave as is.,Stock covers 12 weeks against forecast demand of 65.0 units/week. Within tolerance.,0.0,0.03794275436552722,809.0,132.0,941.0,64.95220124916915,519.6176099933532,14.0,2.0,129.9044024983383,162.38050312292287,0.0,12.455313052386327,29.573585009970202,0.0,1797.97,4632.01,0.0,53172.42,53172.42,51,False,2025-12-29
SKU0024,Kitchen,Storage,Healthy,No action needed; leave as is.,Stock covers 4 weeks against forecast demand of 56.7 units/week. Within tolerance.,0.24908938884726387,0.0,228.0,0.0,228.0,56.67785135525705,453.4228108420564,30.0,4.285714285714286,242.9050772368159,303.63134654601987,75.63134654601987,4.022735416889658,0.0,0.0,484.07,690.89,52252.94,0.0,52252.94,52,False,2025-12-29
SKU0165,Furnishings,Cushions,Healthy,No action needed; leave as is.,Stock covers 15 weeks against forecast demand of 31.1 units/week. Within tolerance.,0.0,0.25327977064104257,468.0,0.0,468.0,31.11835115638371,248.94680925106968,30.0,4.285714285714286,133.36436209878732,166.70545262348415,0.0,15.03935724769251,94.57978612339548,0.0,543.68,777.35,0.0,51421.14,51421.14,53,False,2025-12-29
SKU0188,Kitchen,Tableware,Healthy,No action needed; leave as is.,Stock covers 14 weeks against forecast demand of 22.8 units/week. Within tolerance.,0.0,0.16402579088797653,319.0,0.0,319.0,22.837409223599977,182.69927378879981,10.0,1.4285714285714286,32.62487031942854,40.78108789928567,0.0,13.968309490655718,44.95108931680028,0.0,1067.22,1669.33,0.0,47972.7,47972.7,54,False,2025-12-29
SKU0022,Decor,Wall Art,Healthy,No action needed; leave as is.,Stock covers 15 weeks against forecast demand of 18.4 units/week. Within tolerance.,0.0,0.2566047825398042,278.0,0.0,278.0,18.435921133328044,147.48736906662435,7.0,1.0,18.435921133328044,23.044901416660053,0.0,15.07925739047765,56.76894640006347,0.0,790.5,1734.59,0.0,44875.85,44875.85,55,False,2025-12-29
SKU0058,Decor,Candles,Healthy,No action needed; leave as is.,Stock covers 16 weeks against forecast demand of 27.1 units/week. Within tolerance.,0.0,0.3051642334841154,424.0,0.0,424.0,27.071944224989643,216.57555379991715,7.0,1.0,27.071944224989643,33.83993028123705,0.0,15.661970801809385,99.13666930012425,0.0,399.01,883.09,0.0,39556.52,39556.52,56,False,2025-12-29
SKU0190,Decor,Wall Art,Healthy,No action needed; leave as is.,Stock covers 14 weeks against forecast demand of 10.3 units/week. Within tolerance.,0.0,0.12572853626316252,139.0,9.0,148.0,10.289632855700734,82.31706284560588,21.0,3.0,30.868898567102203,38.58612320887775,0.0,13.50874243515795,15.524405731591187,0.0,2295.02,4581.55,0.0,35628.82,35628.82,57,False,2025-12-29
SKU0160,Kitchen,Tableware,Healthy,No action needed; leave as is.,Stock covers 13 weeks against forecast demand of 29.1 units/week. Within tolerance.,0.0,0.11300261662716027,388.0,23.0,411.0,29.050545659376947,232.40436527501558,14.0,2.0,58.101091318753895,72.62636414844236,0.0,13.356031399525923,39.393452087476646,0.0,899.06,2169.77,0.0,35417.08,35417.08,58,False,2025-12-29
SKU0133,Furnishings,Cushions,Healthy,No action needed; leave as is.,Stock covers 17 weeks against forecast demand of 8.7 units/week. Within tolerance.,0.0,0.38204974062642627,144.0,0.0,144.0,8.68275550962507,69.46204407700056,10.0,1.4285714285714286,12.403936442321529,15.504920552901911,0.0,16.584596887517115,39.80693388449916,0.0,752.94,1329.43,0.0,29972.23,29972.23,59,False,2025-12-29
SKU0053,Furnishings,Rugs,Healthy,No action needed; leave as is.,Stock covers 13 weeks against forecast demand of 12.8 units/week. Within tolerance.,0.0,0.09742715298026254,169.0,0.0,169.0,12.833046179955987,102.6643694396479,14.0,2.0,25.666092359911975,32.08261544988997,0.0,13.16912583576315,15.003445840528144,0.0,1887.23,3236.51,0.0,28314.95,28314.95,60,False,2025-12-29
SKU0178,Decor,Vases,Markdown / clear,Promote or discount to free up capital.,"266 units on hand covers 25 weeks of forecast demand — 137 units beyond a sensible 12-week cover, locking ₹27,094.",0.0,1.0,266.0,17.0,283.0,10.754879769789216,86.03903815831373,14.0,2.0,21.509759539578432,26.88719942447304,0.0,24.73295896316778,136.9414427625294,0.0,197.85,302.94,0.0,27093.86,27093.86,61,False,2025-12-29
SKU0092,Kitchen,Storage,Healthy,No action needed; leave as is.,Stock covers 3 weeks against forecast demand of 24.6 units/week. Within tolerance.,0.10134410822133867,0.0,83.0,0.0,83.0,24.629375421470854,197.03500337176683,21.0,3.0,73.88812626441256,92.3601578305157,9.360157830515703,3.36995959416998,0.0,0.0,1611.66,2813.61,26335.83,0.0,26335.83,62,False,2025-12-29
SKU0064,Kitchen,Storage,Healthy,No action needed; leave as is.,Stock covers 3 weeks against forecast demand of 18.9 units/week. Within tolerance.,0.08351180103732965,0.0,48.0,45.0,93.0,18.94186964943898,151.53495719551185,30.0,4.285714285714286,81.17944135473849,101.47430169342312,8.474301693423115,2.534068752892176,0.0,0.0,1423.58,3076.03,26067.21,0.0,26067.21,63,False,2025-12-29
SKU0003,Small Appliances,Lamps,Healthy,No action needed; leave as is.,Stock covers 14 weeks against forecast demand of 30.6 units/week. Within tolerance.,0.0,0.1473685241220406,422.0,64.0,486.0,30.64984434149088,245.19875473192704,14.0,2.0,61.29968868298176,76.6246108537272,0.0,13.768422289464487,54.20186790210943,0.0,390.03,756.84,0.0,21140.35,21140.35,64,False,2025-12-29
SKU0189,Furnishings,Cushions,Healthy,No action needed; leave as is.,Stock covers 1 weeks against forecast demand of 9.0 units/week. Within tolerance.,0.4682311822184444,0.0,6.0,0.0,6.0,9.026478874832755,72.21183099866204,7.0,1.0,9.026478874832755,11.283098593540943,5.283098593540943,0.6647110222269444,0.0,0.0,1776.13,3755.19,19839.04,0.0,19839.04,65,False,2025-12-29
SKU0032,Kitchen,Cookware,Healthy,No action needed; leave as is.,Stock covers 1 weeks against forecast demand of 39.3 units/week. Within tolerance.,0.2726262236381986,0.0,32.0,19.0,51.0,39.2645444861268,314.1163558890144,10.0,1.4285714285714286,56.092206408752574,70.11525801094072,19.11525801094072,0.8149846233745675,0.0,0.0,569.72,1006.78,19244.86,0.0,19244.86,66,False,2025-12-29
SKU0033,Furnishings,Throws,Healthy,No action needed; leave as is.,Stock covers 2 weeks against forecast demand of 11.2 units/week. Within tolerance.,0.06265110767583426,0.0,24.0,32.0,56.0,11.152019721721963,89.2161577737757,30.0,4.285714285714286,47.79437023595127,59.74296279493909,3.742962794939089,2.1520765384993603,0.0,0.0,2153.01,4973.93,18617.23,0.0,18617.23,67,False,2025-12-29
SKU0123,Small Appliances,Lamps,Healthy,No action needed; leave as is.,Stock covers 12 weeks against forecast demand of 22.5 units/week. Within tolerance.,0.0,0.035967243400697825,280.0,49.0,329.0,22.523234669793823,180.18587735835058,30.0,4.285714285714286,96.52814858483066,120.66018573103833,0.0,12.431606920808374,9.721183962474129,0.0,1883.36,4060.55,0.0,18308.49,18308.49,68,False,2025-12-29
SKU0040,Kitchen,Storage,Healthy,No action needed; leave as is.,Stock covers 2 weeks against forecast demand of 48.2 units/week. Within tolerance.,0.05820758038498569,0.0,81.0,0.0,81.0,48.163479611082714,385.3078368886617,10.0,1.4285714285714286,68.8049708729753,86.00621359121914,5.006213591219137,1.6817721778839543,0.0,0.0,1267.51,3200.96,16024.69,0.0,16024.69,69,False,2025-12-29
SKU0093,Furnishings,Throws,Healthy,No action needed; leave as is.,Stock covers 3 weeks against forecast demand of 4.9 units/week. Within tolerance.,0.47123351331634383,0.0,14.0,0.0,14.0,4.942320285318699,39.53856228254959,30.0,4.285714285714286,21.18137265136585,26.476715814207314,12.476715814207314,2.832677607233872,0.0,0.0,569.82,1272.84,15880.86,0.0,15880.86,70,False,2025-12-29
SKU0096,Kitchen,Tableware,Healthy,No action needed; leave as is.,Stock covers 1 weeks against forecast demand of 9.0 units/week. Within tolerance.,0.15894424894963888,0.0,6.0,13.0,19.0,9.036261853638909,72.29009482911127,14.0,2.0,18.072523707277817,22.59065463409727,3.5906546340972696,0.6639913824081798,0.0,0.0,2018.14,4263.16,15307.54,0.0,15307.54,71,False,2025-12-29
SKU0043,Small Appliances,Kettles,Healthy,No action needed; leave as is.,Stock covers 4 weeks against forecast demand of 9.3 units/week. Within tolerance.,0.31703410057393205,0.0,34.0,0.0,34.0,9.292801693320419,74.34241354656335,30.0,4.285714285714286,39.82629297137322,49.782866214216526,15.782866214216526,3.6587458897825065,0.0,0.0,419.4,866.0,13667.96,0.0,13667.96,72,False,2025-12-29
SKU0075,Small Appliances,Kettles,Healthy,No action needed; leave as is.,Stock covers 2 weeks against forecast demand of 18.0 units/week. Within tolerance.,0.24484845473024508,0.0,34.0,0.0,34.0,18.00963010032882,144.07704080263056,14.0,2.0,36.01926020065764,45.02407525082205,11.024075250822051,1.8878788631743872,0.0,0.0,769.02,1218.39,13431.62,0.0,13431.62,73,False,2025-12-29
SKU0143,Small Appliances,Lamps,Healthy,No action needed; leave as is.,Stock covers 2 weeks against forecast demand of 76.8 units/week. Within tolerance.,0.11436557819293877,0.0,170.0,0.0,170.0,76.78111681934384,614.2489345547507,14.0,2.0,153.56223363868767,191.95279204835958,21.952792048359584,2.214086054517653,0.0,0.0,360.37,535.68,11759.67,0.0,11759.67,74,False,2025-12-29
SKU0108,Kitchen,Storage,Healthy,No action needed; leave as is.,Stock covers 2 weeks against forecast demand of 16.5 units/week. Within tolerance.,0.10209164226196761,0.0,28.0,9.0,37.0,16.48275113206814,131.86200905654513,14.0,2.0,32.96550226413628,41.206877830170356,4.206877830170356,1.6987455416665478,0.0,0.0,990.79,2560.16,10770.28,0.0,10770.28,75,False,2025-12-29
SKU0012,Kitchen,Storage,Healthy,No action needed; leave as is.,Stock covers 3 weeks against forecast demand of 13.5 units/week. Within tolerance.,0.07266973714474981,0.0,47.0,0.0,47.0,13.515501257063688,108.1240100565095,21.0,3.0,40.54650377119106,50.683129713988826,3.6831297139888264,3.477488485707188,0.0,0.0,1137.91,2730.09,10055.28,0.0,10055.28,76,False,2025-12-29
SKU0048,Kitchen,Cookware,Healthy,No action needed; leave as is.,Stock covers 1 weeks against forecast demand of 25.8 units/week. Within tolerance.,0.08445819200564958,0.0,34.0,25.0,59.0,25.777086085997322,206.21668868797857,14.0,2.0,51.554172171994644,64.4427152149933,5.442715214993299,1.3190009098223692,0.0,0.0,784.02,1582.21,8611.52,0.0,8611.52,77,False,2025-12-29
SKU0023,Small Appliances,Kettles,Healthy,No action needed; leave as is.,Stock covers 3 weeks against forecast demand of 5.7 units/week. Within tolerance.,0.06781696950154174,0.0,20.0,0.0,20.0,5.72133707527532,45.77069660220256,21.0,3.0,17.16401122582596,21.45501403228245,1.455014032282449,3.495686364369218,0.0,0.0,1977.03,4343.88,6320.41,0.0,6320.41,78,False,2025-12-29
SKU0006,Decor,Wall Art,Healthy,No action needed; leave as is.,Stock covers 12 weeks against forecast demand of 15.6 units/week. Within tolerance.,0.0,0.019338939386512582,191.0,0.0,191.0,15.614695026019595,124.91756020815676,30.0,4.285714285714286,66.92012154008397,83.65015192510496,0.0,12.232067272638151,3.623659687764871,0.0,1608.63,3715.46,0.0,5829.13,5829.13,79,False,2025-12-29
SKU0140,Kitchen,Storage,Healthy,No action needed; leave as is.,Stock covers 2 weeks against forecast demand of 9.2 units/week. Within tolerance.,0.08726112704294668,0.0,15.0,0.0,15.0,9.203070285355581,73.62456228284465,10.0,1.4285714285714286,13.147243264793687,16.43405408099211,1.4340540809921087,1.6298908445661666,0.0,0.0,1320.83,3016.84,4326.31,0.0,4326.31,80,False,2025-12-29
SKU0102,Decor,Candles,Healthy,No action needed; leave as is.,Stock covers 1 weeks against forecast demand of 8.8 units/week. Within tolerance.,0.4245620121278324,0.0,9.0,0.0,9.0,8.758545848939722,70.06836679151778,10.0,1.4285714285714286,12.512208355628175,15.640260444535219,6.640260444535219,1.0275678354860136,0.0,0.0,292.26,639.88,4248.97,0.0,4248.97,81,False,2025-12-29
SKU0197,Furnishings,Throws,Healthy,No action needed; leave as is.,Stock covers 3 weeks against forecast demand of 1.5 units/week. Within tolerance.,0.3763596471626998,0.0,5.0,0.0,5.0,1.4965890662575971,11.972712530060777,30.0,4.285714285714286,6.413953141103987,8.017441426379984,3.0174414263799836,3.3409304616283935,0.0,0.0,860.43,1365.1,4119.11,0.0,4119.11,82,False,2025-12-29
SKU0122,Decor,Wall Art,Healthy,No action needed; leave as is.,Stock covers 15 weeks against forecast demand of 6.9 units/week. Within tolerance.,0.0,0.2521074251228244,103.0,0.0,103.0,6.855109362913776,54.84087490331021,14.0,2.0,13.710218725827552,17.137773407284442,0.0,15.025289101473893,20.738687645034688,0.0,177.17,290.94,0.0,3674.27,3674.27,83,False,2025-12-29
SKU0116,Kitchen,Cookware,Healthy,No action needed; leave as is.,Stock covers 5 weeks against forecast demand of 25.8 units/week. Within tolerance.,0.022819580777431236,0.0,135.0,0.0,135.0,25.788482356255944,206.30785885004755,30.0,4.285714285714286,110.5220672410969,138.15258405137112,3.1525840513711216,5.234895102978046,0.0,0.0,298.87,740.13,2333.32,0.0,2333.32,84,False,2025-12-29
SKU0020,Kitchen,Storage,Healthy,No action needed; leave as is.,Stock covers 2 weeks against forecast demand of 1.9 units/week. Within tolerance.,0.43638489232573163,0.0,4.0,0.0,4.0,1.8925444902785118,15.140355922228094,21.0,3.0,5.677633470835535,7.097041838544419,3.0970418385444187,2.113556653778506,0.0,0.0,154.58,297.42,921.12,0.0,921.12,85,False,2025-12-29
SKU0063,Small Appliances,Blenders,Healthy,No action needed; leave as is.,Stock covers 7 weeks against forecast demand of 46.5 units/week. Within tolerance.,0.0,0.0,309.0,29.0,338.0,46.48515609732014,371.88124877856114,7.0,1.0,46.48515609732014,58.10644512165018,0.0,6.647283260770071,0.0,0.0,2392.61,4172.08,0.0,0.0,0.0,86,False,2025-12-29
SKU0061,Furnishings,Cushions,Healthy,No action needed; leave as is.,Stock covers 12 weeks against forecast demand of 12.0 units/week. Within tolerance.,0.0,0.0,140.0,18.0,158.0,11.994664921419776,95.95731937135821,14.0,2.0,23.989329842839552,29.98666230354944,0.0,11.671855855680592,0.0,0.0,397.16,615.0,0.0,0.0,0.0,86,False,2025-12-29
SKU0062,Decor,Candles,Healthy,No action needed; leave as is.,Stock covers 3 weeks against forecast demand of 22.4 units/week. Within tolerance.,0.0,0.0,65.0,5.0,70.0,22.361514891734853,178.89211913387882,7.0,1.0,22.361514891734853,27.951893614668567,0.0,2.9067798096284148,0.0,0.0,808.3,1605.53,0.0,0.0,0.0,86,False,2025-12-29
SKU0080,Kitchen,Cookware,Healthy,No action needed; leave as is.,Stock covers 7 weeks against forecast demand of 24.3 units/week. Within tolerance.,0.0,0.0,173.0,53.0,226.0,24.27207856986298,194.17662855890384,30.0,4.285714285714286,104.02319387084134,130.0289923385517,0.0,7.127531311422276,0.0,0.0,1087.36,1586.57,0.0,0.0,0.0,86,False,2025-12-29
SKU0079,Small Appliances,Blenders,Healthy,No action needed; leave as is.,Stock covers 11 weeks against forecast demand of 56.1 units/week. Within tolerance.,0.0,0.0,613.0,0.0,613.0,56.130464998633315,449.0437199890665,10.0,1.4285714285714286,80.18637856947616,100.2329732118452,0.0,10.920985600509912,0.0,0.0,652.92,1109.48,0.0,0.0,0.0,86,False,2025-12-29
SKU0069,Furnishings,Rugs,Healthy,No action needed; leave as is.,Stock covers 8 weeks against forecast demand of 36.0 units/week. Within tolerance.,0.0,0.0,277.0,0.0,277.0,36.03168138006926,288.25345104055407,21.0,3.0,108.09504414020778,135.11880517525972,0.0,7.687678992222137,0.0,0.0,2179.93,4629.58,0.0,0.0,0.0,86,False,2025-12-29
SKU0073,Furnishings,Cushions,Healthy,No action needed; leave as is.,Stock covers 3 weeks against forecast demand of 131.3 units/week. Within tolerance.,0.0,0.0,404.0,0.0,404.0,131.33653194314843,1050.6922555451874,7.0,1.0,131.33653194314843,164.17066492893554,0.0,3.0760672146793038,0.0,0.0,1518.53,2392.3,0.0,0.0,0.0,86,False,2025-12-29
SKU0072,Kitchen,Tableware,Healthy,No action needed; leave as is.,Stock covers 11 weeks against forecast demand of 9.3 units/week. Within tolerance.,0.0,0.0,99.0,16.0,115.0,9.277508682529922,74.22006946023937,21.0,3.0,27.832526047589766,34.79065755948721,0.0,10.6709681863648,0.0,0.0,1885.35,4486.91,0.0,0.0,0.0,86,False,2025-12-29
SKU0071,Small Appliances,Lamps,Healthy,No action needed; leave as is.,Stock covers 9 weeks against forecast demand of 65.8 units/week. Within tolerance.,0.0,0.0,583.0,0.0,583.0,65.8084283811982,526.4674270495856,7.0,1.0,65.8084283811982,82.26053547649775,0.0,8.859047607442424,0.0,0.0,1178.43,2000.28,0.0,0.0,0.0,86,False,2025-12-29
SKU0068,Kitchen,Tableware,Healthy,No action needed; leave as is.,Stock covers 7 weeks against forecast demand of 32.4 units/week. Within tolerance.,0.0,0.0,230.0,67.0,297.0,32.44641022730032,259.57128181840255,7.0,1.0,32.44641022730032,40.558012784125395,0.0,7.0886116026012225,0.0,0.0,2008.3,3372.27,0.0,0.0,0.0,86,False,2025-12-29
SKU0067,Small Appliances,Blenders,Healthy,No action needed; leave as is.,Stock covers 8 weeks against forecast demand of 44.6 units/week. Within tolerance.,0.0,0.0,378.0,61.0,439.0,44.60367128109859,356.82937024878873,21.0,3.0,133.81101384329577,167.2637673041197,0.0,8.47463872688396,0.0,0.0,123.17,188.57,0.0,0.0,0.0,86,False,2025-12-29
SKU0095,Small Appliances,Kettles,Healthy,No action needed; leave as is.,Stock covers 3 weeks against forecast demand of 30.8 units/week. Within tolerance.,0.0,0.0,78.0,0.0,78.0,30.83975473389592,246.71803787116735,10.0,1.4285714285714286,44.05679247699417,55.07099059624271,0.0,2.5292029937666896,0.0,0.0,284.47,717.75,0.0,0.0,0.0,86,False,2025-12-29
SKU0094,Decor,Wall Art,Healthy,No action needed; leave as is.,Stock covers 10 weeks against forecast demand of 50.4 units/week. Within tolerance.,0.0,0.0,500.0,0.0,500.0,50.36970489119585,402.9576391295668,7.0,1.0,50.36970489119585,62.962131113994815,0.0,9.926601735707116,0.0,0.0,1566.8,2372.32,0.0,0.0,0.0,86,False,2025-12-29
SKU0090,Decor,Wall Art,Healthy,No action needed; leave as is.,Stock covers 5 weeks against forecast demand of 29.4 units/week. Within tolerance.,0.0,0.0,135.0,75.0,210.0,29.350368519052683,234.80294815242146,30.0,4.285714285714286,125.78729365308293,157.23411706635366,0.0,4.599601531829668,0.0,0.0,1243.8,2231.42,0.0,0.0,0.0,86,False,2025-12-29
SKU0060,Kitchen,Storage,Healthy,No action needed; leave as is.,Stock covers 6 weeks against forecast demand of 8.7 units/week. Within tolerance.,0.0,0.0,56.0,6.0,62.0,8.689537322841348,69.51629858273078,7.0,1.0,8.689537322841348,10.861921653551684,0.0,6.444531845533157,0.0,0.0,2025.98,4575.65,0.0,0.0,0.0,86,False,2025-12-29
SKU0057,Furnishings,Cushions,Healthy,No action needed; leave as is.,Stock covers 2 weeks against forecast demand of 42.7 units/week. Within tolerance.,0.0,0.0,75.0,0.0,75.0,42.71652587413237,341.732206993059,7.0,1.0,42.71652587413237,53.395657342665466,0.0,1.7557607615608404,0.0,0.0,1291.79,2031.57,0.0,0.0,0.0,86,False,2025-12-29
SKU0059,Small Appliances,Kettles,Healthy,No action needed; leave as is.,Stock covers 2 weeks against forecast demand of 11.6 units/week. Within tolerance.,0.0,0.0,23.0,24.0,47.0,11.554473877038168,92.43579101630534,21.0,3.0,34.6634216311145,43.329277038893125,0.0,1.9905709463506733,0.0,0.0,1305.32,2914.93,0.0,0.0,0.0,86,False,2025-12-29
SKU0054,Decor,Candles,Healthy,No action needed; leave as is.,Stock covers 9 weeks against forecast demand of 374.3 units/week. Within tolerance.,0.0,0.0,3207.0,687.0,3894.0,374.2854152201156,2994.283321760925,30.0,4.285714285714286,1604.0803509433526,2005.1004386791908,0.0,8.568327457039642,0.0,0.0,663.15,1026.1,0.0,0.0,0.0,86,False,2025-12-29
SKU0056,Kitchen,Cookware,Healthy,No action needed; leave as is.,Stock covers 6 weeks against forecast demand of 13.0 units/week. Within tolerance.,0.0,0.0,76.0,13.0,89.0,12.954946960769194,103.63957568615355,10.0,1.4285714285714286,18.507067086813134,23.133833858516418,0.0,5.866484843986388,0.0,0.0,555.37,984.33,0.0,0.0,0.0,86,False,2025-12-29
SKU0049,Furnishings,Rugs,Healthy,No action needed; leave as is.,Stock covers 5 weeks against forecast demand of 47.2 units/week. Within tolerance.,0.0,0.0,239.0,66.0,305.0,47.16570400073094,377.3256320058475,14.0,2.0,94.33140800146188,117.91426000182736,0.0,5.067241230965113,0.0,0.0,2345.23,3746.57,0.0,0.0,0.0,86,False,2025-12-29
SKU0051,Small Appliances,Lamps,Healthy,No action needed; leave as is.,Stock covers 8 weeks against forecast demand of 4.5 units/week. Within tolerance.,0.0,0.0,37.0,8.0,45.0,4.526412013921451,36.21129611137161,21.0,3.0,13.579236041764354,16.97404505220544,0.0,8.174244829282586,0.0,0.0,2242.14,4535.02,0.0,0.0,0.0,86,False,2025-12-29
SKU0041,Furnishings,Throws,Healthy,No action needed; leave as is.,Stock covers 2 weeks against forecast demand of 9.3 units/week. Within tolerance.,0.0,0.0,21.0,0.0,21.0,9.288416644946297,74.30733315957038,10.0,1.4285714285714286,13.269166635637568,16.586458294546958,0.0,2.2608804926322743,0.0,0.0,726.08,1305.41,0.0,0.0,0.0,86,False,2025-12-29
SKU0035,Small Appliances,Kettles,Healthy,No action needed; leave as is.,Stock covers 5 weeks against forecast demand of 4.7 units/week. Within tolerance.,0.0,0.0,23.0,6.0,29.0,4.7276263446062075,37.82101075684966,10.0,1.4285714285714286,6.75375192086601,8.442189901082513,0.0,4.865020693998144,0.0,0.0,284.36,539.99,0.0,0.0,0.0,86,False,2025-12-29
SKU0038,Decor,Vases,Healthy,No action needed; leave as is.,Stock covers 6 weeks against forecast demand of 86.5 units/week. Within tolerance.,0.0,0.0,539.0,0.0,539.0,86.46372345075086,691.7097876060069,14.0,2.0,172.92744690150172,216.15930862687716,0.0,6.23382822863291,0.0,0.0,919.42,1939.15,0.0,0.0,0.0,86,False,2025-12-29
SKU0042,Decor,Vases,Healthy,No action needed; leave as is.,Stock covers 3 weeks against forecast demand of 35.3 units/week. Within tolerance.,0.0,0.0,110.0,0.0,110.0,35.27903623631657,282.23228989053257,7.0,1.0,35.27903623631657,44.09879529539572,0.0,3.1179990083392632,0.0,0.0,1142.17,1628.66,0.0,0.0,0.0,86,False,2025-12-29
SKU0046,Decor,Wall Art,Healthy,No action needed; leave as is.,Stock covers 7 weeks against forecast demand of 43.7 units/week. Within tolerance.,0.0,0.0,322.0,0.0,322.0,43.74924897750466,349.99399182003725,14.0,2.0,87.49849795500931,109.37312244376164,0.0,7.36012634561038,0.0,0.0,170.54,352.31,0.0,0.0,0.0,86,False,2025-12-29
SKU0004,Kitchen,Tableware,Healthy,No action needed; leave as is.,Stock covers 4 weeks against forecast demand of 177.3 units/week. Within tolerance.,0.0,0.0,798.0,113.0,911.0,177.34778528952617,1418.7822823162094,10.0,1.4285714285714286,253.3539789850374,316.69247373129673,0.0,4.499633297913692,0.0,0.0,2322.77,5046.54,0.0,0.0,0.0,86,False,2025-12-29
SKU0016,Kitchen,Tableware,Healthy,No action needed; leave as is.,Stock covers 2 weeks against forecast demand of 61.0 units/week. Within tolerance.,0.0,0.0,100.0,0.0,100.0,61.0338768969452,488.2710151755616,7.0,1.0,61.0338768969452,76.29234612118151,0.0,1.6384343430919277,0.0,0.0,1786.5,4174.83,0.0,0.0,0.0,86,False,2025-12-29
SKU0015,Small Appliances,Blenders,Healthy,No action needed; leave as is.,Stock covers 8 weeks against forecast demand of 100.5 units/week. Within tolerance.,0.0,0.0,841.0,0.0,841.0,100.47869345811614,803.8295476649291,10.0,1.4285714285714286,143.54099065445163,179.42623831806455,0.0,8.36993367504888,0.0,0.0,1179.45,794.27,0.0,0.0,0.0,86,False,2025-12-29
SKU0013,Furnishings,Rugs,Healthy,No action needed; leave as is.,Stock covers 5 weeks against forecast demand of 14.9 units/week. Within tolerance.,0.0,0.0,67.0,7.0,74.0,14.856055954083626,118.84844763266901,10.0,1.4285714285714286,21.222937077262323,26.5286713465779,0.0,4.509945318399469,0.0,0.0,835.93,2005.16,0.0,0.0,0.0,86,False,2025-12-29
SKU0011,Small Appliances,Kettles,Healthy,No action needed; leave as is.,Stock covers 5 weeks against forecast demand of 59.3 units/week. Within tolerance.,0.0,0.0,307.0,0.0,307.0,59.27752973887994,474.22023791103953,7.0,1.0,59.27752973887994,74.09691217359993,0.0,5.179028231310383,0.0,0.0,394.41,777.32,0.0,0.0,0.0,86,False,2025-12-29
SKU0010,Decor,Vases,Healthy,No action needed; leave as is.,Stock covers 5 weeks against forecast demand of 25.8 units/week. Within tolerance.,0.0,0.0,118.0,0.0,118.0,25.763640059254193,206.10912047403355,7.0,1.0,25.763640059254193,32.20455007406774,0.0,4.5800981432984615,0.0,0.0,976.51,1917.35,0.0,0.0,0.0,86,False,2025-12-29
SKU0002,Decor,Wall Art,Healthy,No action needed; leave as is.,Stock covers 6 weeks against forecast demand of 46.9 units/week. Within tolerance.,0.0,0.0,276.0,79.0,355.0,46.883976433204424,375.0718114656354,14.0,2.0,93.76795286640885,117.20994108301106,0.0,5.886872680119551,0.0,0.0,307.91,791.56,0.0,0.0,0.0,86,False,2025-12-29
SKU0001,Furnishings,Cushions,Healthy,No action needed; leave as is.,Stock covers 6 weeks against forecast demand of 22.5 units/week. Within tolerance.,0.0,0.0,136.0,0.0,136.0,22.520750160861773,180.1660012868942,10.0,1.4285714285714286,32.17250022980254,40.215625287253175,0.0,6.038875216348293,0.0,0.0,1142.09,2775.64,0.0,0.0,0.0,86,False,2025-12-29
SKU0005,Furnishings,Throws,Healthy,No action needed; leave as is.,Stock covers 4 weeks against forecast demand of 6.2 units/week. Within tolerance.,0.0,0.0,24.0,0.0,24.0,6.189761482323141,49.51809185858513,14.0,2.0,12.379522964646283,15.474403705807854,0.0,3.87737073044571,0.0,0.0,629.92,1301.1,0.0,0.0,0.0,86,False,2025-12-29
SKU0031,Small Appliances,Lamps,Healthy,No action needed; leave as is.,Stock covers 4 weeks against forecast demand of 22.5 units/week. Within tolerance.,0.0,0.0,92.0,0.0,92.0,22.45420836919516,179.6336669535613,7.0,1.0,22.45420836919516,28.06776046149395,0.0,4.097227499064916,0.0,0.0,313.27,777.89,0.0,0.0,0.0,86,False,2025-12-29
SKU0030,Decor,Wall Art,Healthy,No action needed; leave as is.,Stock covers 8 weeks against forecast demand of 30.9 units/week. Within tolerance.,0.0,0.0,257.0,0.0,257.0,30.85020655371019,246.80165242968152,14.0,2.0,61.70041310742038,77.12551638427547,0.0,8.330576314053625,0.0,0.0,1964.58,4440.48,0.0,0.0,0.0,86,False,2025-12-29
SKU0026,Decor,Wall Art,Healthy,No action needed; leave as is.,Stock covers 6 weeks against forecast demand of 45.7 units/week. Within tolerance.,0.0,0.0,265.0,40.0,305.0,45.680803398398474,365.4464271871878,21.0,3.0,137.04241019519543,171.3030127439943,0.0,5.80112389199553,0.0,0.0,448.6,1002.88,0.0,0.0,0.0,86,False,2025-12-29
SKU0028,Kitchen,Storage,Healthy,No action needed; leave as is.,Stock covers 7 weeks against forecast demand of 10.4 units/week. Within tolerance.,0.0,0.0,78.0,0.0,78.0,10.408413178072959,83.26730542458367,30.0,4.285714285714286,44.60748504888411,55.75935631110514,0.0,7.493937708422249,0.0,0.0,292.11,450.32,0.0,0.0,0.0,86,False,2025-12-29
SKU0025,Furnishings,Rugs,Healthy,No action needed; leave as is.,Stock covers 4 weeks against forecast demand of 116.9 units/week. Within tolerance.,0.0,0.0,430.0,0.0,430.0,116.94935577545787,935.594846203663,14.0,2.0,233.89871155091575,292.37338943864467,0.0,3.6768052046870414,0.0,0.0,1197.74,1908.63,0.0,0.0,0.0,86,False,2025-12-29
SKU0018,Decor,Wall Art,Healthy,No action needed; leave as is.,Stock covers 2 weeks against forecast demand of 117.8 units/week. Within tolerance.,0.0,0.0,265.0,180.0,445.0,117.80017064500842,942.4013651600674,10.0,1.4285714285714286,168.28595806429774,210.3574475803722,0.0,2.2495722930536255,0.0,0.0,1220.05,2535.61,0.0,0.0,0.0,86,False,2025-12-29
SKU0017,Furnishings,Throws,Healthy,No action needed; leave as is.,Stock covers 6 weeks against forecast demand of 20.2 units/week. Within tolerance.,0.0,0.0,127.0,18.0,145.0,20.170656721276238,161.3652537702099,14.0,2.0,40.341313442552476,50.42664180319059,0.0,6.296274918309376,0.0,0.0,1456.35,2283.2,0.0,0.0,0.0,86,False,2025-12-29
SKU0021,Furnishings,Cushions,Healthy,No action needed; leave as is.,Stock covers 6 weeks against forecast demand of 29.2 units/week. Within tolerance.,0.0,0.0,186.0,97.0,283.0,29.194831038411845,233.55864830729476,30.0,4.285714285714286,125.12070445033648,156.4008805629206,0.0,6.37099080160041,0.0,0.0,2145.24,3605.56,0.0,0.0,0.0,86,False,2025-12-29
SKU0127,Small Appliances,Lamps,Healthy,No action needed; leave as is.,Stock covers 6 weeks against forecast demand of 10.1 units/week. Within tolerance.,0.0,0.0,58.0,0.0,58.0,10.135903472353553,81.08722777882842,30.0,4.285714285714286,43.43958631008665,54.29948288760832,0.0,5.722232868357459,0.0,0.0,1797.18,2889.42,0.0,0.0,0.0,86,False,2025-12-29
SKU0126,Decor,Candles,Healthy,No action needed; leave as is.,Stock covers 7 weeks against forecast demand of 89.7 units/week. Within tolerance.,0.0,0.0,614.0,0.0,614.0,89.6598211333109,717.2785690664872,14.0,2.0,179.3196422666218,224.14955283327726,0.0,6.848106456593001,0.0,0.0,211.89,453.35,0.0,0.0,0.0,86,False,2025-12-29
SKU0121,Furnishings,Rugs,Healthy,No action needed; leave as is.,Stock covers 7 weeks against forecast demand of 2.6 units/week. Within tolerance.,0.0,0.0,17.0,0.0,17.0,2.5727377297749694,20.581901838199755,10.0,1.4285714285714286,3.6753396139642422,4.594174517455302,0.0,6.607746993894689,0.0,0.0,1948.5,4360.25,0.0,0.0,0.0,86,False,2025-12-29
SKU0124,Kitchen,Storage,Healthy,No action needed; leave as is.,Stock covers 3 weeks against forecast demand of 6.7 units/week. Within tolerance.,0.0,0.0,23.0,0.0,23.0,6.74546541665448,53.96372333323584,14.0,2.0,13.49093083330896,16.8636635416362,0.0,3.409698008859886,0.0,0.0,455.62,1039.52,0.0,0.0,0.0,86,False,2025-12-29
SKU0117,Furnishings,Cushions,Healthy,No action needed; leave as is.,Stock covers 5 weeks against forecast demand of 35.7 units/week. Within tolerance.,0.0,0.0,169.0,75.0,244.0,35.69722039842859,285.57776318742873,30.0,4.285714285714286,152.9880874218368,191.235109277296,0.0,4.734262167018457,0.0,0.0,1518.53,993.74,0.0,0.0,0.0,86,False,2025-12-29
SKU0118,Decor,Candles,Healthy,No action needed; leave as is.,Stock covers 7 weeks against forecast demand of 8.9 units/week. Within tolerance.,0.0,0.0,58.0,28.0,86.0,8.89699049923829,71.17592399390632,30.0,4.285714285714286,38.12995928244982,47.66244910306227,0.0,6.519058327078761,0.0,0.0,1668.17,2407.83,0.0,0.0,0.0,86,False,2025-12-29
SKU0119,Small Appliances,Kettles,Healthy,No action needed; leave as is.,Stock covers 11 weeks against forecast demand of 172.5 units/week. Within tolerance.,0.0,0.0,1832.0,0.0,1832.0,172.50248225256692,1380.0198580205354,7.0,1.0,172.50248225256692,215.62810281570864,0.0,10.62013703268168,0.0,0.0,1546.34,3652.11,0.0,0.0,0.0,86,False,2025-12-29
SKU0120,Kitchen,Cookware,Healthy,No action needed; leave as is.,Stock covers 2 weeks against forecast demand of 35.4 units/week. Within tolerance.,0.0,0.0,66.0,105.0,171.0,35.39020102225917,283.12160817807336,21.0,3.0,106.17060306677752,132.7132538334719,0.0,1.8649230039266622,0.0,0.0,2135.57,3136.47,0.0,0.0,0.0,86,False,2025-12-29
SKU0115,Small Appliances,Kettles,Healthy,No action needed; leave as is.,Stock covers 3 weeks against forecast demand of 70.6 units/week. Within tolerance.,0.0,0.0,197.0,0.0,197.0,70.61462850830773,564.9170280664619,7.0,1.0,70.61462850830773,88.26828563538467,0.0,2.789790219980031,0.0,0.0,2497.83,5492.28,0.0,0.0,0.0,86,False,2025-12-29
SKU0114,Decor,Wall Art,Healthy,No action needed; leave as is.,Stock covers 6 weeks against forecast demand of 40.6 units/week. Within tolerance.,0.0,0.0,225.0,0.0,225.0,40.57087525541767,324.56700204334135,30.0,4.285714285714286,173.87517966607572,217.34397458259465,0.0,5.545850282585521,0.0,0.0,2207.66,3842.85,0.0,0.0,0.0,86,False,2025-12-29
SKU0098,Decor,Wall Art,Healthy,No action needed; leave as is.,Stock covers 7 weeks against forecast demand of 28.5 units/week. Within tolerance.,0.0,0.0,199.0,50.0,249.0,28.478121016462236,227.8249681316979,14.0,2.0,56.95624203292447,71.19530254115558,0.0,6.987820575836617,0.0,0.0,310.02,663.26,0.0,0.0,0.0,86,False,2025-12-29
SKU0100,Kitchen,Tableware,Healthy,No action needed; leave as is.,Stock covers 5 weeks against forecast demand of 40.7 units/week. Within tolerance.,0.0,0.0,202.0,62.0,264.0,40.72265541359335,325.7812433087468,14.0,2.0,81.4453108271867,101.80663853398337,0.0,4.960383794927375,0.0,0.0,1928.69,4549.96,0.0,0.0,0.0,86,False,2025-12-29
SKU0105,Furnishings,Throws,Healthy,No action needed; leave as is.,Stock covers 5 weeks against forecast demand of 47.4 units/week. Within tolerance.,0.0,0.0,229.0,39.0,268.0,47.378455829828326,379.0276466386266,21.0,3.0,142.13536748948496,177.6692093618562,0.0,4.833420507044621,0.0,0.0,461.42,727.82,0.0,0.0,0.0,86,False,2025-12-29
SKU0106,Decor,Candles,Healthy,No action needed; leave as is.,Stock covers 6 weeks against forecast demand of 9.8 units/week. Within tolerance.,0.0,0.0,56.0,0.0,56.0,9.841895126354977,78.73516101083982,21.0,3.0,29.52568537906493,36.90710672383116,0.0,5.689961057402574,0.0,0.0,1139.73,2119.88,0.0,0.0,0.0,86,False,2025-12-29
SKU0110,Decor,Wall Art,Healthy,No action needed; leave as is.,Stock covers 2 weeks against forecast demand of 45.4 units/week. Within tolerance.,0.0,0.0,100.0,69.0,169.0,45.38767649464026,363.1014119571221,14.0,2.0,90.77535298928052,113.46919123660065,0.0,2.20324122588229,0.0,0.0,375.05,789.82,0.0,0.0,0.0,86,False,2025-12-29
SKU0109,Furnishings,Rugs,Healthy,No action needed; leave as is.,Stock covers 5 weeks against forecast demand of 101.7 units/week. Within tolerance.,0.0,0.0,462.0,0.0,462.0,101.7127467894598,813.7019743156784,21.0,3.0,305.1382403683794,381.42280046047426,0.0,4.542203554450421,0.0,0.0,366.72,887.7,0.0,0.0,0.0,86,False,2025-12-29
SKU0097,Furnishings,Rugs,Healthy,No action needed; leave as is.,Stock covers 2 weeks against forecast demand of 4.6 units/week. Within tolerance.,0.0,0.0,7.0,14.0,21.0,4.5591540896442035,36.47323271715363,21.0,3.0,13.677462268932612,17.096827836165765,0.0,1.5353725411255579,0.0,0.0,2004.18,5081.06,0.0,0.0,0.0,86,False,2025-12-29
SKU0101,Furnishings,Throws,Healthy,No action needed; leave as is.,Stock covers 8 weeks against forecast demand of 12.0 units/week. Within tolerance.,0.0,0.0,91.0,0.0,91.0,11.955898728870766,95.64718983096613,14.0,2.0,23.91179745774153,29.889746822176914,0.0,7.611305687982767,0.0,0.0,1531.02,3854.32,0.0,0.0,0.0,86,False,2025-12-29
SKU0078,Decor,Wall Art,Healthy,No action needed; leave as is.,Stock covers 7 weeks against forecast demand of 6.6 units/week. Within tolerance.,0.0,0.0,46.0,16.0,62.0,6.592119899523576,52.73695919618861,30.0,4.285714285714286,28.25194242652961,35.31492803316201,0.0,6.978028418949798,0.0,0.0,2197.51,5320.96,0.0,0.0,0.0,86,False,2025-12-29
SKU0076,Kitchen,Cookware,Healthy,No action needed; leave as is.,Stock covers 6 weeks against forecast demand of 30.8 units/week. Within tolerance.,0.0,0.0,194.0,0.0,194.0,30.836238772545503,246.68991018036402,30.0,4.285714285714286,132.155309025195,165.19413628149377,0.0,6.291299059881598,0.0,0.0,214.06,344.54,0.0,0.0,0.0,86,False,2025-12-29
SKU0084,Kitchen,Storage,Healthy,No action needed; leave as is.,Stock covers 7 weeks against forecast demand of 23.9 units/week. Within tolerance.,0.0,0.0,179.0,18.0,197.0,23.921059242267603,191.36847393814082,14.0,2.0,47.842118484535206,59.80264810566901,0.0,7.482946226884209,0.0,0.0,1965.17,3068.54,0.0,0.0,0.0,86,False,2025-12-29
SKU0081,Furnishings,Rugs,Healthy,No action needed; leave as is.,Stock covers 6 weeks against forecast demand of 37.9 units/week. Within tolerance.,0.0,0.0,232.0,0.0,232.0,37.88217400340648,303.05739202725186,21.0,3.0,113.64652201021946,142.0581525127743,0.0,6.124252530468231,0.0,0.0,326.05,782.57,0.0,0.0,0.0,86,False,2025-12-29
SKU0083,Small Appliances,Lamps,Healthy,No action needed; leave as is.,Stock covers 5 weeks against forecast demand of 61.1 units/week. Within tolerance.,0.0,0.0,275.0,0.0,275.0,61.08870456756165,488.7096365404932,10.0,1.4285714285714286,87.2695779536595,109.08697244207438,0.0,4.501650541563884,0.0,0.0,2450.56,5789.28,0.0,0.0,0.0,86,False,2025-12-29
SKU0082,Decor,Vases,Healthy,No action needed; leave as is.,Stock covers 2 weeks against forecast demand of 427.2 units/week. Within tolerance.,0.0,0.0,947.0,0.0,947.0,427.17759074321174,3417.420725945694,7.0,1.0,427.17759074321174,533.9719884290147,0.0,2.216876588381875,0.0,0.0,319.85,771.57,0.0,0.0,0.0,86,False,2025-12-29
SKU0088,Kitchen,Storage,Healthy,No action needed; leave as is.,Stock covers 4 weeks against forecast demand of 23.3 units/week. Within tolerance.,0.0,0.0,82.0,0.0,82.0,23.297661571172,186.381292569376,10.0,1.4285714285714286,33.28237367310286,41.602967091378574,0.0,3.5196665446228708,0.0,0.0,966.67,1733.23,0.0,0.0,0.0,86,False,2025-12-29
SKU0087,Small Appliances,Blenders,Healthy,No action needed; leave as is.,Stock covers 4 weeks against forecast demand of 33.7 units/week. Within tolerance.,0.0,0.0,121.0,22.0,143.0,33.68761537317005,269.5009229853604,10.0,1.4285714285714286,48.125164818814355,60.15645602351795,0.0,3.591824433390096,0.0,0.0,1236.46,2349.6,0.0,0.0,0.0,86,False,2025-12-29
SKU0085,Furnishings,Throws,Healthy,No action needed; leave as is.,Stock covers 6 weeks against forecast demand of 193.8 units/week. Within tolerance.,0.0,0.0,1185.0,353.0,1538.0,193.81132095115015,1550.4905676092012,21.0,3.0,581.4339628534505,726.792453566813,0.0,6.114193919036739,0.0,0.0,1324.42,3217.13,0.0,0.0,0.0,86,False,2025-12-29
SKU0089,Furnishings,Throws,Healthy,No action needed; leave as is.,Stock covers 4 weeks against forecast demand of 18.6 units/week. Within tolerance.,0.0,0.0,70.0,15.0,85.0,18.630107268506244,149.04085814804995,10.0,1.4285714285714286,26.61443895500892,33.26804869376115,0.0,3.7573589347138836,0.0,0.0,1739.5,3055.0,0.0,0.0,0.0,86,False,2025-12-29
SKU0091,Small Appliances,Lamps,Healthy,No action needed; leave as is.,Stock covers 6 weeks against forecast demand of 36.9 units/week. Within tolerance.,0.0,0.0,238.0,0.0,238.0,36.923433002273875,295.387464018191,21.0,3.0,110.77029900682163,138.46287375852705,0.0,6.445771171530641,0.0,0.0,2133.52,4657.7,0.0,0.0,0.0,86,False,2025-12-29
SKU0142,Decor,Candles,Healthy,No action needed; leave as is.,Stock covers 9 weeks against forecast demand of 19.7 units/week. Within tolerance.,0.0,0.0,177.0,0.0,177.0,19.70510560970396,157.64084487763168,14.0,2.0,39.41021121940792,49.2627640242599,0.0,8.982443611610725,0.0,0.0,840.97,2022.41,0.0,0.0,0.0,86,False,2025-12-29
SKU0144,Kitchen,Tableware,Healthy,No action needed; leave as is.,Stock covers 9 weeks against forecast demand of 24.7 units/week. Within tolerance.,0.0,0.0,222.0,23.0,245.0,24.744687759396626,197.957502075173,10.0,1.4285714285714286,35.34955394199518,44.186942427493975,0.0,8.971622602742158,0.0,0.0,759.08,1367.07,0.0,0.0,0.0,86,False,2025-12-29
SKU0141,Furnishings,Throws,Healthy,No action needed; leave as is.,Stock covers 8 weeks against forecast demand of 15.6 units/week. Within tolerance.,0.0,0.0,126.0,0.0,126.0,15.598796521234751,124.79037216987801,14.0,2.0,31.197593042469503,38.99699130308688,0.0,8.07754622790773,0.0,0.0,2308.96,4627.99,0.0,0.0,0.0,86,False,2025-12-29
SKU0159,Small Appliances,Lamps,Healthy,No action needed; leave as is.,Stock covers 9 weeks against forecast demand of 9.4 units/week. Within tolerance.,0.0,0.0,80.0,13.0,93.0,9.382709338630361,75.06167470904289,14.0,2.0,18.765418677260723,23.456773346575904,0.0,8.52632188771159,0.0,0.0,220.62,405.93,0.0,0.0,0.0,86,False,2025-12-29
SKU0158,Decor,Vases,Healthy,No action needed; leave as is.,Stock covers 1 weeks against forecast demand of 139.9 units/week. Within tolerance.,0.0,0.0,124.0,169.0,293.0,139.8937723526702,1119.1501788213616,10.0,1.4285714285714286,199.8482462181003,249.81030777262535,0.0,0.8863868484967135,0.0,0.0,1622.96,3536.4,0.0,0.0,0.0,86,False,2025-12-29
SKU0155,Small Appliances,Lamps,Healthy,No action needed; leave as is.,Stock covers 2 weeks against forecast demand of 8.2 units/week. Within tolerance.,0.0,0.0,20.0,11.0,31.0,8.192503651973645,65.54002921578916,14.0,2.0,16.38500730394729,20.481259129934113,0.0,2.4412561592428252,0.0,0.0,517.84,1288.66,0.0,0.0,0.0,86,False,2025-12-29
SKU0156,Kitchen,Cookware,Healthy,No action needed; leave as is.,Stock covers 8 weeks against forecast demand of 12.1 units/week. Within tolerance.,0.0,0.0,102.0,0.0,102.0,12.079580633162461,96.63664506529969,21.0,3.0,36.23874189948738,45.29842737435922,0.0,8.444001749528963,0.0,0.0,786.78,1564.31,0.0,0.0,0.0,86,False,2025-12-29
SKU0147,Small Appliances,Kettles,Healthy,No action needed; leave as is.,Stock covers 3 weeks against forecast demand of 9.0 units/week. Within tolerance.,0.0,0.0,30.0,0.0,30.0,9.042114067034802,72.33691253627842,10.0,1.4285714285714286,12.917305810049719,16.14663226256215,0.0,3.3178081782193174,0.0,0.0,369.61,679.31,0.0,0.0,0.0,86,False,2025-12-29
SKU0150,Decor,Wall Art,Healthy,No action needed; leave as is.,Stock covers 9 weeks against forecast demand of 20.8 units/week. Within tolerance.,0.0,0.0,197.0,0.0,197.0,20.761089486074706,166.08871588859765,14.0,2.0,41.52217897214941,51.90272371518677,0.0,9.488904719192881,0.0,0.0,105.96,174.93,0.0,0.0,0.0,86,False,2025-12-29
SKU0151,Small Appliances,Blenders,Healthy,No action needed; leave as is.,Stock covers 1 weeks against forecast demand of 15.7 units/week. Within tolerance.,0.0,0.0,23.0,26.0,49.0,15.677111081436788,125.4168886514943,14.0,2.0,31.354222162873576,39.19277770359197,0.0,1.467107037803299,0.0,0.0,481.49,1157.29,0.0,0.0,0.0,86,False,2025-12-29
SKU0152,Kitchen,Cookware,Healthy,No action needed; leave as is.,Stock covers 6 weeks against forecast demand of 20.8 units/week. Within tolerance.,0.0,0.0,123.0,34.0,157.0,20.785633017104253,166.28506413683402,30.0,4.285714285714286,89.08128435901823,111.35160544877279,0.0,5.917548909806343,0.0,0.0,1425.45,3430.89,0.0,0.0,0.0,86,False,2025-12-29
SKU0145,Furnishings,Cushions,Healthy,No action needed; leave as is.,Stock covers 10 weeks against forecast demand of 94.4 units/week. Within tolerance.,0.0,0.0,980.0,0.0,980.0,94.40014170791821,755.2011336633457,7.0,1.0,94.40014170791821,118.00017713489777,0.0,10.381340348324905,0.0,0.0,839.62,1923.76,0.0,0.0,0.0,86,False,2025-12-29
SKU0135,Small Appliances,Blenders,Healthy,No action needed; leave as is.,Stock covers 5 weeks against forecast demand of 157.9 units/week. Within tolerance.,0.0,0.0,827.0,0.0,827.0,157.91328524169415,1263.3062819335532,7.0,1.0,157.91328524169415,197.3916065521177,0.0,5.237051453487497,0.0,0.0,606.66,1277.61,0.0,0.0,0.0,86,False,2025-12-29
SKU0134,Decor,Wall Art,Healthy,No action needed; leave as is.,Stock covers 4 weeks against forecast demand of 21.1 units/week. Within tolerance.,0.0,0.0,77.0,15.0,92.0,21.100069268307074,168.8005541464566,14.0,2.0,42.20013853661415,52.75017317076768,0.0,3.6492771194669142,0.0,0.0,1615.8,3060.6,0.0,0.0,0.0,86,False,2025-12-29
SKU0132,Kitchen,Storage,Healthy,No action needed; leave as is.,Stock covers 6 weeks against forecast demand of 8.9 units/week. Within tolerance.,0.0,0.0,53.0,31.0,84.0,8.883203560982324,71.06562848785859,30.0,4.285714285714286,38.07087240420996,47.588590505262445,0.0,5.966316052104422,0.0,0.0,1057.76,2082.73,0.0,0.0,0.0,86,False,2025-12-29
SKU0138,Decor,Vases,Healthy,No action needed; leave as is.,Stock covers 3 weeks against forecast demand of 10.5 units/week. Within tolerance.,0.0,0.0,34.0,12.0,46.0,10.485159060587243,83.88127248469794,7.0,1.0,10.485159060587243,13.106448825734054,0.0,3.2426785138437144,0.0,0.0,1658.89,2951.92,0.0,0.0,0.0,86,False,2025-12-29
SKU0164,Kitchen,Storage,Healthy,No action needed; leave as is.,Stock covers 11 weeks against forecast demand of 18.1 units/week. Within tolerance.,0.0,0.0,197.0,0.0,197.0,18.066313948706405,144.53051158965124,10.0,1.4285714285714286,25.809019926723437,32.261274908404296,0.0,10.90427192615601,0.0,0.0,2299.96,4961.01,0.0,0.0,0.0,86,False,2025-12-29
SKU0161,Furnishings,Throws,Healthy,No action needed; leave as is.,Stock covers 7 weeks against forecast demand of 30.8 units/week. Within tolerance.,0.0,0.0,203.0,0.0,203.0,30.78197539720817,246.25580317766537,14.0,2.0,61.56395079441634,76.95493849302042,0.0,6.594768444211396,0.0,0.0,2141.88,4296.08,0.0,0.0,0.0,86,False,2025-12-29
SKU0162,Decor,Wall Art,Healthy,No action needed; leave as is.,Stock covers 6 weeks against forecast demand of 30.6 units/week. Within tolerance.,0.0,0.0,195.0,22.0,217.0,30.602810087064245,244.82248069651396,10.0,1.4285714285714286,43.71830012437749,54.647875155471866,0.0,6.371963863620032,0.0,0.0,1500.84,3632.53,0.0,0.0,0.0,86,False,2025-12-29
SKU0175,Small Appliances,Kettles,Healthy,No action needed; leave as is.,Stock covers 7 weeks against forecast demand of 53.9 units/week. Within tolerance.,0.0,0.0,371.0,65.0,436.0,53.902708872620856,431.22167098096685,10.0,1.4285714285714286,77.0038698180298,96.25483727253724,0.0,6.882770973101212,0.0,0.0,1179.45,3101.69,0.0,0.0,0.0,86,False,2025-12-29
SKU0170,Decor,Wall Art,Healthy,No action needed; leave as is.,Stock covers 7 weeks against forecast demand of 48.6 units/week. Within tolerance.,0.0,0.0,357.0,87.0,444.0,48.641055244801876,389.128441958415,21.0,3.0,145.92316573440564,182.40395716800705,0.0,7.339478927899113,0.0,0.0,1972.45,4813.1,0.0,0.0,0.0,86,False,2025-12-29
SKU0171,Small Appliances,Lamps,Healthy,No action needed; leave as is.,Stock covers 7 weeks against forecast demand of 20.7 units/week. Within tolerance.,0.0,0.0,142.0,27.0,169.0,20.737375433570474,165.8990034685638,21.0,3.0,62.21212630071142,77.76515787588927,0.0,6.84753962500601,0.0,0.0,1145.01,2362.99,0.0,0.0,0.0,86,False,2025-12-29
SKU0172,Kitchen,Storage,Healthy,No action needed; leave as is.,Stock covers 5 weeks against forecast demand of 26.0 units/week. Within tolerance.,0.0,0.0,125.0,0.0,125.0,26.037945155697468,208.30356124557974,10.0,1.4285714285714286,37.19706450813924,46.496330635174054,0.0,4.800686046942082,0.0,0.0,2462.68,4299.53,0.0,0.0,0.0,86,False,2025-12-29
SKU0169,Furnishings,Rugs,Healthy,No action needed; leave as is.,Stock covers 6 weeks against forecast demand of 28.4 units/week. Within tolerance.,0.0,0.0,177.0,0.0,177.0,28.411380303855644,227.29104243084515,21.0,3.0,85.23414091156693,106.54267613945865,0.0,6.229897953109295,0.0,0.0,2266.05,5132.23,0.0,0.0,0.0,86,False,2025-12-29
SKU0163,Small Appliances,Blenders,Healthy,No action needed; leave as is.,Stock covers 5 weeks against forecast demand of 9.5 units/week. Within tolerance.,0.0,0.0,48.0,0.0,48.0,9.549527570404036,76.39622056323229,21.0,3.0,28.648582711212107,35.81072838901513,0.0,5.02642666311179,0.0,0.0,1179.45,2084.5,0.0,0.0,0.0,86,False,2025-12-29
SKU0166,Decor,Vases,Healthy,No action needed; leave as is.,Stock covers 8 weeks against forecast demand of 19.8 units/week. Within tolerance.,0.0,0.0,161.0,53.0,214.0,19.83932334860266,158.7145867888213,30.0,4.285714285714286,85.0256714940114,106.28208936751426,0.0,8.115196126955594,0.0,0.0,1164.66,2060.33,0.0,0.0,0.0,86,False,2025-12-29
SKU0167,Small Appliances,Blenders,Healthy,No action needed; leave as is.,Stock covers 1 weeks against forecast demand of 28.2 units/week. Within tolerance.,0.0,0.0,40.0,0.0,40.0,28.23409782006539,225.87278256052312,7.0,1.0,28.23409782006539,35.29262227508174,0.0,1.416726691779499,0.0,0.0,752.81,1689.03,0.0,0.0,0.0,86,False,2025-12-29
SKU0181,Furnishings,Cushions,Healthy,No action needed; leave as is.,Stock covers 9 weeks against forecast demand of 9.5 units/week. Within tolerance.,0.0,0.0,85.0,0.0,85.0,9.534308807862526,76.27447046290021,10.0,1.4285714285714286,13.620441154089324,17.025551442611654,0.0,8.915171693401017,0.0,0.0,2156.66,3030.97,0.0,0.0,0.0,86,False,2025-12-29
SKU0177,Furnishings,Rugs,Healthy,No action needed; leave as is.,Stock covers 7 weeks against forecast demand of 17.7 units/week. Within tolerance.,0.0,0.0,130.0,0.0,130.0,17.736744180563978,141.89395344451182,21.0,3.0,53.21023254169194,66.51279067711492,0.0,7.329417320144625,0.0,0.0,2317.78,5532.77,0.0,0.0,0.0,86,False,2025-12-29
SKU0179,Small Appliances,Lamps,Healthy,No action needed; leave as is.,Stock covers 6 weeks against forecast demand of 36.4 units/week. Within tolerance.,0.0,0.0,233.0,0.0,233.0,36.420024791781714,291.3601983342537,30.0,4.285714285714286,156.08582053620734,195.10727567025918,0.0,6.3975793902418525,0.0,0.0,1952.4,4761.02,0.0,0.0,0.0,86,False,2025-12-29
SKU0180,Kitchen,Tableware,Healthy,No action needed; leave as is.,Stock covers 5 weeks against forecast demand of 10.1 units/week. Within tolerance.,0.0,0.0,49.0,0.0,49.0,10.081352395244608,80.65081916195686,10.0,1.4285714285714286,14.401931993206583,18.00241499150823,0.0,4.860459001821361,0.0,0.0,2018.11,2943.93,0.0,0.0,0.0,86,False,2025-12-29
SKU0187,Small Appliances,Blenders,Healthy,No action needed; leave as is.,Stock covers 11 weeks against forecast demand of 22.8 units/week. Within tolerance.,0.0,0.0,240.0,0.0,240.0,22.776220527000536,182.2097642160043,7.0,1.0,22.776220527000536,28.47027565875067,0.0,10.537305770967887,0.0,0.0,2033.98,5285.28,0.0,0.0,0.0,86,False,2025-12-29
SKU0186,Decor,Vases,Healthy,No action needed; leave as is.,Stock covers 9 weeks against forecast demand of 122.7 units/week. Within tolerance.,0.0,0.0,1156.0,92.0,1248.0,122.73788445745794,981.9030756596635,10.0,1.4285714285714286,175.33983493922563,219.17479367403203,0.0,9.418444884478028,0.0,0.0,533.98,801.92,0.0,0.0,0.0,86,False,2025-12-29
SKU0136,Kitchen,Tableware,Healthy,No action needed; leave as is.,Stock covers 3 weeks against forecast demand of 5.6 units/week. Within tolerance.,0.0,0.0,16.0,4.0,20.0,5.63922035619333,45.11376284954664,7.0,1.0,5.63922035619333,7.0490254452416625,0.0,2.8372716420680106,0.0,0.0,1092.53,2151.15,0.0,0.0,0.0,86,False,2025-12-29
SKU0130,Decor,Vases,Healthy,No action needed; leave as is.,Stock covers 7 weeks against forecast demand of 32.9 units/week. Within tolerance.,0.0,0.0,238.0,56.0,294.0,32.867794764405836,262.9423581152467,10.0,1.4285714285714286,46.95399252057977,58.69249065072471,0.0,7.241130769677983,0.0,0.0,1140.95,1694.26,0.0,0.0,0.0,86,False,2025-12-29
SKU0192,Kitchen,Cookware,Healthy,No action needed; leave as is.,Stock covers 9 weeks against forecast demand of 78.4 units/week. Within tolerance.,0.0,0.0,688.0,0.0,688.0,78.42108797343914,627.3687037875131,7.0,1.0,78.42108797343914,98.02635996679894,0.0,8.77315040863782,0.0,0.0,1615.59,2927.37,0.0,0.0,0.0,86,False,2025-12-29
SKU0185,Furnishings,Rugs,Healthy,No action needed; leave as is.,Stock covers 9 weeks against forecast demand of 14.0 units/week. Within tolerance.,0.0,0.0,126.0,0.0,126.0,13.956924708713677,111.65539766970942,30.0,4.285714285714286,59.8153916087729,74.76923951096612,0.0,9.027776722284306,0.0,0.0,1040.59,1800.0,0.0,0.0,0.0,86,False,2025-12-29
SKU0195,Small Appliances,Kettles,Healthy,No action needed; leave as is.,Stock covers 7 weeks against forecast demand of 94.5 units/week. Within tolerance.,0.0,0.0,636.0,0.0,636.0,94.5233437986812,756.1867503894496,7.0,1.0,94.5233437986812,118.1541797483515,0.0,6.728496627823207,0.0,0.0,2279.94,4640.7,0.0,0.0,0.0,86,False,2025-12-29
SKU0193,Furnishings,Throws,Healthy,No action needed; leave as is.,Stock covers 6 weeks against forecast demand of 17.4 units/week. Within tolerance.,0.0,0.0,107.0,25.0,132.0,17.442237145407695,139.53789716326156,14.0,2.0,34.88447429081539,43.605592863519234,0.0,6.1345341832009,0.0,0.0,2401.29,5528.62,0.0,0.0,0.0,86,False,2025-12-29
SKU0196,Kitchen,Cookware,Healthy,No action needed; leave as is.,Stock covers 6 weeks against forecast demand of 5.8 units/week. Within tolerance.,0.0,0.0,32.0,0.0,32.0,5.75263938167261,46.02111505338088,30.0,4.285714285714286,24.6541687785969,30.817710973246125,0.0,5.562664001145128,0.0,0.0,1661.32,2922.69,0.0,0.0,0.0,86,False,2025-12-29
SKU0198,Decor,Candles,Healthy,No action needed; leave as is.,Stock covers 5 weeks against forecast demand of 19.5 units/week. Within tolerance.,0.0,0.0,90.0,18.0,108.0,19.463710645042525,155.7096851603402,14.0,2.0,38.92742129008505,48.65927661260631,0.0,4.6239898260573105,0.0,0.0,1438.8,3381.71,0.0,0.0,0.0,86,False,2025-12-29
SKU0199,Small Appliances,Kettles,Healthy,No action needed; leave as is.,Stock covers 4 weeks against forecast demand of 58.0 units/week. Within tolerance.,0.0,0.0,252.0,0.0,252.0,57.985731885903334,463.8858550872267,21.0,3.0,173.95719565771,217.4464945721375,0.0,4.345896685340668,0.0,0.0,1140.89,2249.27,0.0,0.0,0.0,86,False,2025-12-29
SKU0200,Kitchen,Storage,Healthy,No action needed; leave as is.,Stock covers 9 weeks against forecast demand of 29.0 units/week. Within tolerance.,0.0,0.0,247.0,0.0,247.0,29.019595478499262,232.1567638279941,21.0,3.0,87.05878643549778,108.82348304437222,0.0,8.511490113051483,0.0,0.0,2051.43,5093.83,0.0,0.0,0.0,86,False,2025-12-29
