sku_id,category,subcategory,launch_date,unit_cost,list_price
SKU0001,Furnishings,Cushions,2024-01-01,1142.09,2775.64
SKU0002,Decor,Wall Art,2024-01-01,307.91,791.56
SKU0003,Small Appliances,Lamps,2024-01-01,390.03,756.84
SKU0004,Kitchen,Tableware,2024-01-01,2322.77,5046.54
SKU0005,Furnishings,Throws,2024-07-05,629.92,1301.1
SKU0006,Decor,Wall Art,2024-01-01,1608.63,3715.46
SKU0007,Small Appliances,Lamps,2024-01-01,2429.09,6004.09
SKU0008,Kitchen,Tableware,2024-01-01,1209.46,1756.82
SKU0009,Furnishings,Cushions,2024-01-01,1732.98,3974.96
SKU0010,Decor,Vases,2024-01-01,976.51,1917.35
SKU0011,Small Appliances,Kettles,2024-01-01,394.41,777.32
SKU0012,Kitchen,Storage,2024-01-01,1137.91,2730.09
SKU0013,Furnishings,Rugs,2024-01-01,835.93,2005.16
SKU0014,Decor,Wall Art,2024-01-01,777.75,1725.82
SKU0015,Small Appliances,Blenders,2024-01-01,1179.45,794.27
SKU0016,Kitchen,Tableware,2024-01-01,1786.5,4174.83
SKU0017,Furnishings,Throws,2024-07-03,1456.35,2283.2
SKU0018,Decor,Wall Art,2024-01-01,1220.05,2535.61
SKU0019,Small Appliances,Blenders,2024-01-01,1419.66,2940.18
SKU0020,Kitchen,Storage,2024-01-01,154.58,297.42
SKU0021,Furnishings,Cushions,2024-06-20,2145.24,3605.56
SKU0022,Decor,Wall Art,2024-01-01,790.5,1734.59
SKU0023,Small Appliances,Kettles,2024-01-01,1977.03,4343.88
SKU0024,Kitchen,Storage,2024-12-07,484.07,690.89
SKU0025,Furnishings,Rugs,2024-01-01,1197.74,1908.63
SKU0026,Decor,Wall Art,2024-01-01,448.6,1002.88
SKU0027,Small Appliances,Kettles,2024-01-01,809.66,1745.9
SKU0028,Kitchen,Storage,2024-01-01,292.11,450.32
SKU0029,Furnishings,Throws,2024-01-01,1773.29,3048.36
SKU0030,Decor,Wall Art,2024-01-01,1964.58,4440.48
SKU0031,Small Appliances,Lamps,2024-01-01,313.27,777.89
SKU0032,Kitchen,Cookware,2024-01-01,569.72,1006.78
SKU0033,Furnishings,Throws,2024-01-01,2153.01,4973.93
SKU0034,Decor,Candles,2024-01-01,1125.67,2423.31
SKU0035,Small Appliances,Kettles,2024-09-29,284.36,539.99
SKU0036,Kitchen,Cookware,2024-07-26,878.26,1381.88
SKU0037,Furnishings,Cushions,2024-01-01,492.83,1237.07
SKU0038,Decor,Vases,2024-03-04,919.42,1939.15
SKU0039,Small Appliances,Lamps,2024-04-25,1247.17,2917.48
SKU0040,Kitchen,Storage,2024-01-01,1267.51,3200.96
SKU0041,Furnishings,Throws,2024-01-01,726.08,1305.41
SKU0042,Decor,Vases,2024-01-01,1142.17,1628.66
SKU0043,Small Appliances,Kettles,2025-01-11,419.4,866.0
SKU0044,Kitchen,Storage,2024-01-01,760.59,1666.69
SKU0045,Furnishings,Rugs,2024-01-01,1940.13,2967.02
SKU0046,Decor,Wall Art,2024-01-01,170.54,352.31
SKU0047,Small Appliances,Kettles,2024-01-01,2088.09,4948.57
SKU0048,Kitchen,Cookware,2024-01-01,784.02,1582.21
SKU0049,Furnishings,Rugs,2024-05-05,2345.23,3746.57
SKU0050,Decor,Vases,2024-01-01,2481.55,6129.46
SKU0051,Small Appliances,Lamps,2024-01-01,2242.14,4535.02
SKU0052,Kitchen,Tableware,2024-01-01,1948.27,4274.49
SKU0053,Furnishings,Rugs,2024-01-01,1887.23,3236.51
SKU0054,Decor,Candles,2024-01-01,663.15,1026.1
SKU0055,Small Appliances,Lamps,2024-01-01,513.83,1088.94
SKU0056,Kitchen,Cookware,2024-01-01,555.37,984.33
SKU0057,Furnishings,Cushions,2025-02-12,1291.79,2031.57
SKU0058,Decor,Candles,2024-01-01,399.01,883.09
SKU0059,Small Appliances,Kettles,2024-01-01,1305.32,2914.93
SKU0060,Kitchen,Storage,2024-01-01,2025.98,4575.65
SKU0061,Furnishings,Cushions,2024-01-01,397.16,615.0
SKU0062,Decor,Candles,2024-01-01,808.3,1605.53
SKU0063,Small Appliances,Blenders,2024-01-01,2392.61,4172.08
SKU0064,Kitchen,Storage,2024-01-11,1423.58,3076.03
SKU0065,Furnishings,Rugs,2024-01-01,1094.26,2800.73
SKU0066,Decor,Candles,2024-01-01,2337.92,5529.73
SKU0067,Small Appliances,Blenders,2024-01-01,123.17,188.57
SKU0068,Kitchen,Tableware,2024-01-01,2008.3,3372.27
SKU0069,Furnishings,Rugs,2024-01-01,2179.93,4629.58
SKU0070,Decor,Vases,2024-01-01,1140.95,1883.41
SKU0071,Small Appliances,Lamps,2024-01-01,1178.43,2000.28
SKU0072,Kitchen,Tableware,2025-01-05,1885.35,4486.91
SKU0073,Furnishings,Cushions,2024-01-01,1518.53,2392.3
SKU0074,Decor,Candles,2024-01-01,428.17,1072.64
SKU0075,Small Appliances,Kettles,2024-08-14,769.02,1218.39
SKU0076,Kitchen,Cookware,2024-06-29,214.06,344.54
SKU0077,Furnishings,Throws,2024-01-01,1727.33,3234.18
SKU0078,Decor,Wall Art,2024-07-30,2197.51,5320.96
SKU0079,Small Appliances,Blenders,2024-01-01,652.92,1109.48
SKU0080,Kitchen,Cookware,2024-01-01,1087.36,1586.57
SKU0081,Furnishings,Rugs,2024-08-07,326.05,782.57
SKU0082,Decor,Vases,2024-01-01,319.85,771.57
SKU0083,Small Appliances,Lamps,2024-01-01,2450.56,5789.28
SKU0084,Kitchen,Storage,2024-01-01,1965.17,3068.54
SKU0085,Furnishings,Throws,2024-01-01,1324.42,3217.13
SKU0086,Decor,Wall Art,2024-01-01,1627.74,2799.32
SKU0087,Small Appliances,Blenders,2024-01-01,1236.46,2349.6
SKU0088,Kitchen,Storage,2024-01-01,966.67,1733.23
SKU0089,Furnishings,Throws,2024-01-01,1739.5,3055.0
SKU0090,Decor,Wall Art,2024-01-01,1243.8,2231.42
SKU0091,Small Appliances,Lamps,2024-01-01,2133.52,4657.7
SKU0092,Kitchen,Storage,2024-01-01,1611.66,2813.61
SKU0093,Furnishings,Throws,2024-01-01,569.82,1272.84
SKU0094,Decor,Wall Art,2024-01-01,1566.8,2372.32
SKU0095,Small Appliances,Kettles,2024-01-01,284.47,717.75
SKU0096,Kitchen,Tableware,2024-01-01,2018.14,4263.16
SKU0097,Furnishings,Rugs,2024-01-01,2004.18,5081.06
SKU0098,Decor,Wall Art,2024-01-01,310.02,663.26
SKU0099,Small Appliances,Blenders,2024-01-01,1447.18,3020.14
SKU0100,Kitchen,Tableware,2024-01-01,1928.69,4549.96
SKU0101,Furnishings,Throws,2024-11-26,1531.02,3854.32
SKU0102,Decor,Candles,2024-01-01,292.26,639.88
SKU0103,Small Appliances,Lamps,2024-01-01,1179.45,3068.51
SKU0104,Kitchen,Tableware,2024-01-01,1925.33,3320.5
SKU0105,Furnishings,Throws,2024-01-01,461.42,727.82
SKU0106,Decor,Candles,2024-01-01,1139.73,2119.88
SKU0107,Small Appliances,Kettles,2024-01-01,2345.46,5479.84
SKU0108,Kitchen,Storage,2024-01-01,990.79,2560.16
SKU0109,Furnishings,Rugs,2024-01-01,366.72,887.7
SKU0110,Decor,Wall Art,2024-01-01,375.05,789.82
SKU0111,Small Appliances,Blenders,2024-01-01,1179.45,2819.45
SKU0112,Kitchen,Cookware,2024-01-01,1189.69,2297.03
SKU0113,Furnishings,Throws,2024-01-01,1970.73,3020.55
SKU0114,Decor,Wall Art,2024-01-01,2207.66,3842.85
SKU0115,Small Appliances,Kettles,2024-01-01,2497.83,5492.28
SKU0116,Kitchen,Cookware,2024-04-13,298.87,740.13
SKU0117,Furnishings,Cushions,2024-01-01,1518.53,993.74
SKU0118,Decor,Candles,2025-01-17,1668.17,2407.83
SKU0119,Small Appliances,Kettles,2024-01-01,1546.34,3652.11
SKU0120,Kitchen,Cookware,2024-01-01,2135.57,3136.47
SKU0121,Furnishings,Rugs,2024-01-01,1948.5,4360.25
SKU0122,Decor,Wall Art,2024-01-01,177.17,290.94
SKU0123,Small Appliances,Lamps,2024-01-01,1883.36,4060.55
SKU0124,Kitchen,Storage,2024-01-01,455.62,1039.52
SKU0125,Furnishings,Cushions,2024-01-01,1797.97,4632.01
SKU0126,Decor,Candles,2024-04-02,211.89,453.35
SKU0127,Small Appliances,Lamps,2024-11-19,1797.18,2889.42
SKU0128,Kitchen,Cookware,2024-01-01,2451.67,4781.43
SKU0129,Furnishings,Cushions,2024-01-01,1465.24,2306.52
SKU0130,Decor,Vases,2024-01-01,1140.95,1694.26
SKU0131,Small Appliances,Kettles,2024-01-01,2356.24,3718.45
SKU0132,Kitchen,Storage,2025-02-12,1057.76,2082.73
SKU0133,Furnishings,Cushions,2024-01-01,752.94,1329.43
SKU0134,Decor,Wall Art,2024-01-01,1615.8,3060.6
SKU0135,Small Appliances,Blenders,2024-01-01,606.66,1277.61
SKU0136,Kitchen,Tableware,2024-01-01,1092.53,2151.15
SKU0137,Furnishings,Cushions,2024-01-01,1465.35,3046.35
SKU0138,Decor,Vases,2024-01-01,1658.89,2951.92
SKU0139,Small Appliances,Blenders,2024-01-01,1408.93,2701.91
SKU0140,Kitchen,Storage,2024-01-01,1320.83,3016.84
SKU0141,Furnishings,Throws,2024-01-01,2308.96,4627.99
SKU0142,Decor,Candles,2024-01-01,840.97,2022.41
SKU0143,Small Appliances,Lamps,2024-01-01,360.37,535.68
SKU0144,Kitchen,Tableware,2024-01-01,759.08,1367.07
SKU0145,Furnishings,Cushions,2024-07-02,839.62,1923.76
SKU0146,Decor,Wall Art,2024-01-01,2152.85,3975.7
SKU0147,Small Appliances,Kettles,2024-01-01,369.61,679.31
SKU0148,Kitchen,Storage,2024-01-01,2489.02,5790.77
SKU0149,Furnishings,Rugs,2024-01-01,1787.08,3333.64
SKU0150,Decor,Wall Art,2024-01-01,105.96,174.93
SKU0151,Small Appliances,Blenders,2024-01-01,481.49,1157.29
SKU0152,Kitchen,Cookware,2024-01-01,1425.45,3430.89
SKU0153,Furnishings,Throws,2024-02-29,1164.75,2179.35
SKU0154,Decor,Wall Art,2024-01-01,1129.75,2217.92
SKU0155,Small Appliances,Lamps,2024-09-22,517.84,1288.66
SKU0156,Kitchen,Cookware,2024-01-01,786.78,1564.31
SKU0157,Furnishings,Rugs,2024-01-01,283.56,479.9
SKU0158,Decor,Vases,2024-01-01,1622.96,3536.4
SKU0159,Small Appliances,Lamps,2024-01-01,220.62,405.93
SKU0160,Kitchen,Tableware,2024-01-01,899.06,2169.77
SKU0161,Furnishings,Throws,2024-01-01,2141.88,4296.08
SKU0162,Decor,Wall Art,2024-01-01,1500.84,3632.53
SKU0163,Small Appliances,Blenders,2024-01-01,1179.45,2084.5
SKU0164,Kitchen,Storage,2024-01-01,2299.96,4961.01
SKU0165,Furnishings,Cushions,2024-01-01,543.68,777.35
SKU0166,Decor,Vases,2024-01-01,1164.66,2060.33
SKU0167,Small Appliances,Blenders,2024-01-01,752.81,1689.03
SKU0168,Kitchen,Cookware,2024-01-01,2455.97,5266.65
SKU0169,Furnishings,Rugs,2024-01-01,2266.05,5132.23
SKU0170,Decor,Wall Art,2024-07-31,1972.45,4813.1
SKU0171,Small Appliances,Lamps,2024-01-01,1145.01,2362.99
SKU0172,Kitchen,Storage,2024-01-01,2462.68,4299.53
SKU0173,Furnishings,Rugs,2024-01-01,1894.96,3440.85
SKU0174,Decor,Candles,2024-01-01,1961.17,3898.1
SKU0175,Small Appliances,Kettles,2024-01-01,1179.45,3101.69
SKU0176,Kitchen,Cookware,2024-01-01,285.26,589.51
SKU0177,Furnishings,Rugs,2024-01-24,2317.78,5532.77
SKU0178,Decor,Vases,2024-01-01,197.85,302.94
SKU0179,Small Appliances,Lamps,2024-01-01,1952.4,4761.02
SKU0180,Kitchen,Tableware,2024-01-01,2018.11,2943.93
SKU0181,Furnishings,Cushions,2024-01-01,2156.66,3030.97
SKU0182,Decor,Vases,2024-01-01,1719.04,2467.73
SKU0183,Small Appliances,Lamps,2024-01-01,1179.45,2873.75
SKU0184,Kitchen,Tableware,2024-01-01,922.24,2235.52
SKU0185,Furnishings,Rugs,2024-01-01,1040.59,1800.0
SKU0186,Decor,Vases,2024-01-01,533.98,801.92
SKU0187,Small Appliances,Blenders,2024-01-01,2033.98,5285.28
SKU0188,Kitchen,Tableware,2024-01-01,1067.22,1669.33
SKU0189,Furnishings,Cushions,2024-01-01,1776.13,3755.19
SKU0190,Decor,Wall Art,2024-01-01,2295.02,4581.55
SKU0191,Small Appliances,Kettles,2024-06-02,242.54,398.34
SKU0192,Kitchen,Cookware,2024-01-01,1615.59,2927.37
SKU0193,Furnishings,Throws,2024-01-01,2401.29,5528.62
SKU0194,Decor,Wall Art,2024-01-01,2250.73,3785.99
SKU0195,Small Appliances,Kettles,2024-01-01,2279.94,4640.7
SKU0196,Kitchen,Cookware,2024-01-01,1661.32,2922.69
SKU0197,Furnishings,Throws,2024-01-01,860.43,1365.1
SKU0198,Decor,Candles,2024-01-01,1438.8,3381.71
SKU0199,Small Appliances,Kettles,2024-01-01,1140.89,2249.27
SKU0200,Kitchen,Storage,2024-01-01,2051.43,5093.83
